player,playerLabel,club,clubLabel,startYear,endYear
http://www.wikidata.org/entity/Q151025,Q151025,http://www.wikidata.org/entity/Q20032615,KS Częstochowa,2003,2004
http://www.wikidata.org/entity/Q151025,Q151025,http://www.wikidata.org/entity/Q190943,Wisła Cracovie,2004,2007
http://www.wikidata.org/entity/Q151025,Q151025,http://www.wikidata.org/entity/Q41420,BV 09 Borussia Dortmund,2007,2016
http://www.wikidata.org/entity/Q151025,Q151025,http://www.wikidata.org/entity/Q2052,ACF Fiorentina,2015,2016
http://www.wikidata.org/entity/Q151025,Q151025,http://www.wikidata.org/entity/Q101859,VfL Wolfsburg,2016,2019
http://www.wikidata.org/entity/Q151025,Q151025,http://www.wikidata.org/entity/Q190943,Wisła Cracovie,2019,2023
http://www.wikidata.org/entity/Q152832,Q152832,http://www.wikidata.org/entity/Q19615,Scunthorpe United FC,1968,1971
http://www.wikidata.org/entity/Q152832,Q152832,http://www.wikidata.org/entity/Q1130849,Liverpool FC,1971,1977
http://www.wikidata.org/entity/Q152832,Q152832,http://www.wikidata.org/entity/Q51974,Hambourg SV,1977,1980
http://www.wikidata.org/entity/Q152832,Q152832,http://www.wikidata.org/entity/Q18732,Southampton FC,1980,1982
http://www.wikidata.org/entity/Q152832,Q152832,http://www.wikidata.org/entity/Q18716,Newcastle United FC,1982,1984
http://www.wikidata.org/entity/Q152832,Q152832,http://www.wikidata.org/entity/Q4923485,Blacktown City FC,1985,1985
http://www.wikidata.org/entity/Q17158,Q17158,http://www.wikidata.org/entity/Q2346842,FC Barcelone C,1996,1997
http://www.wikidata.org/entity/Q17158,Q17158,http://www.wikidata.org/entity/Q10467,FC Barcelone B,1997,2000
http://www.wikidata.org/entity/Q189984,Q189984,http://www.wikidata.org/entity/Q1543,AC Milan,1977,1997
http://www.wikidata.org/entity/Q576614,Q576614,http://www.wikidata.org/entity/Q8806,Getafe CF,1957,1958
http://www.wikidata.org/entity/Q576614,Q576614,http://www.wikidata.org/entity/Q572393,Getafe Deportivo,1957,1958
http://www.wikidata.org/entity/Q576614,Q576614,http://www.wikidata.org/entity/Q12249,Recreativo de Huelva,1958,1959
http://www.wikidata.org/entity/Q576614,Q576614,http://www.wikidata.org/entity/Q8682,Real Madrid CF,1958,1960
http://www.wikidata.org/entity/Q576614,Q576614,http://www.wikidata.org/entity/Q11963,Hércules Alicante,1959,1960
http://www.wikidata.org/entity/Q576614,Q576614,http://www.wikidata.org/entity/Q271574,Real Oviedo,1960,1961
http://www.wikidata.org/entity/Q576614,Q576614,http://www.wikidata.org/entity/Q8723,Betis Balompié,1961,1964
http://www.wikidata.org/entity/Q576614,Q576614,http://www.wikidata.org/entity/Q8701,Club Atlético de Madrid,1964,1974
http://www.wikidata.org/entity/Q119562,Sergio Agüero,http://www.wikidata.org/entity/Q214978,CA Independiente,2003,2006
http://www.wikidata.org/entity/Q119562,Sergio Agüero,http://www.wikidata.org/entity/Q8701,Club Atlético de Madrid,2006,2011
http://www.wikidata.org/entity/Q119562,Sergio Agüero,http://www.wikidata.org/entity/Q50602,Manchester City FC,2011,2021
http://www.wikidata.org/entity/Q213427,Aaron Ramsey,http://www.wikidata.org/entity/Q18662,Cardiff City F.C.,2006,2008
http://www.wikidata.org/entity/Q213427,Aaron Ramsey,http://www.wikidata.org/entity/Q9617,Arsenal FC,2008,2019
http://www.wikidata.org/entity/Q213427,Aaron Ramsey,http://www.wikidata.org/entity/Q19490,Nottingham Forest FC,2010,2011
http://www.wikidata.org/entity/Q213427,Aaron Ramsey,http://www.wikidata.org/entity/Q18662,Cardiff City F.C.,2011,2011
http://www.wikidata.org/entity/Q213427,Aaron Ramsey,http://www.wikidata.org/entity/Q1422,Juventus FC,2019,2022
http://www.wikidata.org/entity/Q213427,Aaron Ramsey,http://www.wikidata.org/entity/Q185163,OGC Nice,2022,2023
http://www.wikidata.org/entity/Q213427,Aaron Ramsey,http://www.wikidata.org/entity/Q19597,Rangers FC,2022,2022
http://www.wikidata.org/entity/Q213427,Aaron Ramsey,http://www.wikidata.org/entity/Q18662,Cardiff City F.C.,2023,2025
http://www.wikidata.org/entity/Q213427,Aaron Ramsey,http://www.wikidata.org/entity/Q1143000,Club Universidad Nacional,2025,2025
http://www.wikidata.org/entity/Q1909,Adil Rami,http://www.wikidata.org/entity/Q290481,ÉFC Fréjus Saint-Raphaël,2003,2006
http://www.wikidata.org/entity/Q1909,Adil Rami,http://www.wikidata.org/entity/Q19516,Lille OSC,2006,2011
http://www.wikidata.org/entity/Q1909,Adil Rami,http://www.wikidata.org/entity/Q10333,Valence CF,2011,2014
http://www.wikidata.org/entity/Q1909,Adil Rami,http://www.wikidata.org/entity/Q1543,AC Milan,2014,2015
http://www.wikidata.org/entity/Q1909,Adil Rami,http://www.wikidata.org/entity/Q1543,AC Milan,2014,2014
http://www.wikidata.org/entity/Q1909,Adil Rami,http://www.wikidata.org/entity/Q10329,Sevilla Fútbol Club,2015,2017
http://www.wikidata.org/entity/Q1909,Adil Rami,http://www.wikidata.org/entity/Q132885,Olympique de Marseille,2017,2019
http://www.wikidata.org/entity/Q1909,Adil Rami,http://www.wikidata.org/entity/Q6601875,Fenerbahçe Istanbul,2019,2020
http://www.wikidata.org/entity/Q1909,Adil Rami,http://www.wikidata.org/entity/Q54834034,FK Sotchi,2020,2020
http://www.wikidata.org/entity/Q1909,Adil Rami,http://www.wikidata.org/entity/Q219703,Boavista FC,2020,2021
http://www.wikidata.org/entity/Q1909,Adil Rami,http://www.wikidata.org/entity/Q501693,ES Troyes AC,2021,2023
http://www.wikidata.org/entity/Q170452,Adriano,http://www.wikidata.org/entity/Q17479,Clube de Regatas do Flamengo,2000,2001
http://www.wikidata.org/entity/Q170452,Adriano,http://www.wikidata.org/entity/Q631,FC Internazionale Milano,2001,2002
http://www.wikidata.org/entity/Q170452,Adriano,http://www.wikidata.org/entity/Q2693,Parme Calcio 1913,2002,2004
http://www.wikidata.org/entity/Q170452,Adriano,http://www.wikidata.org/entity/Q2052,ACF Fiorentina,2002,2002
http://www.wikidata.org/entity/Q170452,Adriano,http://www.wikidata.org/entity/Q631,FC Internazionale Milano,2004,2009
http://www.wikidata.org/entity/Q170452,Adriano,http://www.wikidata.org/entity/Q38568,São Paulo FC,2008,2008
http://www.wikidata.org/entity/Q170452,Adriano,http://www.wikidata.org/entity/Q17479,Clube de Regatas do Flamengo,2009,2010
http://www.wikidata.org/entity/Q170452,Adriano,http://www.wikidata.org/entity/Q2739,AS Rome,2010,2011
http://www.wikidata.org/entity/Q170452,Adriano,http://www.wikidata.org/entity/Q35933,Corinthians Paulista,2011,2012
http://www.wikidata.org/entity/Q170452,Adriano,http://www.wikidata.org/entity/Q17479,Clube de Regatas do Flamengo,2012,2012
http://www.wikidata.org/entity/Q170452,Adriano,http://www.wikidata.org/entity/Q506832,Clube Atlético Paranaense,2014,2014
http://www.wikidata.org/entity/Q20469,Alan Dzagoïev,http://www.wikidata.org/entity/Q274778,Krylia Sovetov Samara,2006,2007
http://www.wikidata.org/entity/Q20469,Alan Dzagoïev,http://www.wikidata.org/entity/Q176371,CSKA Moscou,2008,2022
http://www.wikidata.org/entity/Q20469,Alan Dzagoïev,http://www.wikidata.org/entity/Q170040,Rubin Kazan,2022,2023
http://www.wikidata.org/entity/Q20469,Alan Dzagoïev,http://www.wikidata.org/entity/Q6481836,PAS Lamía 1964 FC,2023,2023
http://www.wikidata.org/entity/Q483583,Alan Shearer,http://www.wikidata.org/entity/Q18732,Southampton FC,1988,1992
http://www.wikidata.org/entity/Q483583,Alan Shearer,http://www.wikidata.org/entity/Q19446,Blackburn Rovers FC,1992,1996
http://www.wikidata.org/entity/Q483583,Alan Shearer,http://www.wikidata.org/entity/Q18716,Newcastle United FC,1996,2006
http://www.wikidata.org/entity/Q182451,Alberto Gilardino,http://www.wikidata.org/entity/Q459794,Plaisance Calcio 1919,1999,2000
http://www.wikidata.org/entity/Q182451,Alberto Gilardino,http://www.wikidata.org/entity/Q8639,Hellas Vérone Football Club,2000,2002
http://www.wikidata.org/entity/Q182451,Alberto Gilardino,http://www.wikidata.org/entity/Q2693,Parme Calcio 1913,2002,2005
http://www.wikidata.org/entity/Q182451,Alberto Gilardino,http://www.wikidata.org/entity/Q1543,AC Milan,2005,2008
http://www.wikidata.org/entity/Q182451,Alberto Gilardino,http://www.wikidata.org/entity/Q2052,ACF Fiorentina,2008,2012
http://www.wikidata.org/entity/Q182451,Alberto Gilardino,http://www.wikidata.org/entity/Q1893,Bologne FC 1909,2012,2013
http://www.wikidata.org/entity/Q182451,Alberto Gilardino,http://www.wikidata.org/entity/Q2074,Genoa CFC,2012,2014
http://www.wikidata.org/entity/Q182451,Alberto Gilardino,http://www.wikidata.org/entity/Q130521,Guangzhou Football Club,2014,2015
http://www.wikidata.org/entity/Q182451,Alberto Gilardino,http://www.wikidata.org/entity/Q2052,ACF Fiorentina,2015,2015
http://www.wikidata.org/entity/Q182451,Alberto Gilardino,http://www.wikidata.org/entity/Q2674,Palermo F.C.,2015,2016
http://www.wikidata.org/entity/Q182451,Alberto Gilardino,http://www.wikidata.org/entity/Q6703,Empoli Football Club,2016,2017
http://www.wikidata.org/entity/Q182451,Alberto Gilardino,http://www.wikidata.org/entity/Q8615,Spezia Calcio,2017,2018
http://www.wikidata.org/entity/Q182451,Alberto Gilardino,http://www.wikidata.org/entity/Q2710,Delfino Pescara,2017,2017
http://www.wikidata.org/entity/Q201866,Aleksandr Kerjakov,http://www.wikidata.org/entity/Q29108,Zénith Saint-Pétersbourg,2001,2006
http://www.wikidata.org/entity/Q201866,Aleksandr Kerjakov,http://www.wikidata.org/entity/Q10329,Sevilla Fútbol Club,2007,2008
http://www.wikidata.org/entity/Q201866,Aleksandr Kerjakov,http://www.wikidata.org/entity/Q17497,Dynamo Moscou,2008,2010
http://www.wikidata.org/entity/Q201866,Aleksandr Kerjakov,http://www.wikidata.org/entity/Q29108,Zénith Saint-Pétersbourg,2010,2017
http://www.wikidata.org/entity/Q201866,Aleksandr Kerjakov,http://www.wikidata.org/entity/Q206692,FC Zurich,2016,2016
http://www.wikidata.org/entity/Q624,Alessandro Del Piero,http://www.wikidata.org/entity/Q8428,Calcio Padoue,1991,1993
http://www.wikidata.org/entity/Q624,Alessandro Del Piero,http://www.wikidata.org/entity/Q1422,Juventus FC,1993,2012
http://www.wikidata.org/entity/Q624,Alessandro Del Piero,http://www.wikidata.org/entity/Q330143,Sydney FC,2012,2014
http://www.wikidata.org/entity/Q624,Alessandro Del Piero,http://www.wikidata.org/entity/Q16838244,Odisha FC,2014,2014
http://www.wikidata.org/entity/Q227892,Alessandro Nesta,http://www.wikidata.org/entity/Q2609,Società Sportiva Lazio,1993,2002
http://www.wikidata.org/entity/Q227892,Alessandro Nesta,http://www.wikidata.org/entity/Q1543,AC Milan,2002,2012
http://www.wikidata.org/entity/Q227892,Alessandro Nesta,http://www.wikidata.org/entity/Q167615,CF Montréal,2012,2013
http://www.wikidata.org/entity/Q227892,Alessandro Nesta,http://www.wikidata.org/entity/Q17594408,Chennaiyin Football Club,2014,2014
http://www.wikidata.org/entity/Q359738,Alessandro dos Santos,http://www.wikidata.org/entity/Q823384,Shimizu S-Pulse,1997,2003
http://www.wikidata.org/entity/Q359738,Alessandro dos Santos,http://www.wikidata.org/entity/Q218883,Urawa Red Diamonds,2004,2009
http://www.wikidata.org/entity/Q359738,Alessandro dos Santos,http://www.wikidata.org/entity/Q994811,Red Bull Salzbourg,2007,2007
http://www.wikidata.org/entity/Q359738,Alessandro dos Santos,http://www.wikidata.org/entity/Q249662,Nagoya Grampus,2009,2012
http://www.wikidata.org/entity/Q359738,Alessandro dos Santos,http://www.wikidata.org/entity/Q1069091,Tochigi Soccer Club,2013,2013
http://www.wikidata.org/entity/Q359738,Alessandro dos Santos,http://www.wikidata.org/entity/Q778887,FC Gifu,2014,2014
http://www.wikidata.org/entity/Q359738,Alessandro dos Santos,http://www.wikidata.org/entity/Q5476247,Grêmio de Esportes Maringá,2015,2015
http://www.wikidata.org/entity/Q359738,Alessandro dos Santos,http://www.wikidata.org/entity/Q10372656,Maringá Futebol Clube,2015,2015
http://www.wikidata.org/entity/Q359738,Alessandro dos Santos,http://www.wikidata.org/entity/Q6120147,Paraná Soccer Technical Center,2016,
http://www.wikidata.org/entity/Q44980,Alex Ferguson,http://www.wikidata.org/entity/Q852753,Queen's Park FC,,
http://www.wikidata.org/entity/Q44980,Alex Ferguson,http://www.wikidata.org/entity/Q268776,Saint Johnstone Football Club,1960,1964
http://www.wikidata.org/entity/Q44980,Alex Ferguson,http://www.wikidata.org/entity/Q390256,Dunfermline Athletic Football Club,1964,1967
http://www.wikidata.org/entity/Q44980,Alex Ferguson,http://www.wikidata.org/entity/Q19597,Rangers FC,1967,1969
http://www.wikidata.org/entity/Q44980,Alex Ferguson,http://www.wikidata.org/entity/Q219241,Falkirk Football Club,1969,1973
http://www.wikidata.org/entity/Q44980,Alex Ferguson,http://www.wikidata.org/entity/Q793241,Ayr United Football Club,1973,1974
http://www.wikidata.org/entity/Q233510,Alex Morgan,http://www.wikidata.org/entity/Q7984792,West Coast FC,2008,2009
http://www.wikidata.org/entity/Q233510,Alex Morgan,http://www.wikidata.org/entity/Q2117747,Western New York Flash,2011,2011
http://www.wikidata.org/entity/Q233510,Alex Morgan,http://www.wikidata.org/entity/Q2117747,Western New York Flash,2011,2011
http://www.wikidata.org/entity/Q233510,Alex Morgan,http://www.wikidata.org/entity/Q1446672,Thorns de Portland,2013,2015
http://www.wikidata.org/entity/Q233510,Alex Morgan,http://www.wikidata.org/entity/Q1446672,Thorns de Portland,2013,2015
http://www.wikidata.org/entity/Q233510,Alex Morgan,http://www.wikidata.org/entity/Q21066986,Pride d'Orlando,2016,2017
http://www.wikidata.org/entity/Q233510,Alex Morgan,http://www.wikidata.org/entity/Q21066986,Pride d'Orlando,2021,2022
http://www.wikidata.org/entity/Q233510,Alex Morgan,http://www.wikidata.org/entity/Q107324446,Wave de San Diego,2022,2024
http://www.wikidata.org/entity/Q138075,Alexandre Pato,http://www.wikidata.org/entity/Q80845,SC Internacional,2006,2007
http://www.wikidata.org/entity/Q138075,Alexandre Pato,http://www.wikidata.org/entity/Q1543,AC Milan,2007,2013
http://www.wikidata.org/entity/Q138075,Alexandre Pato,http://www.wikidata.org/entity/Q35933,Corinthians Paulista,2013,2016
http://www.wikidata.org/entity/Q138075,Alexandre Pato,http://www.wikidata.org/entity/Q38568,São Paulo FC,2014,2015
http://www.wikidata.org/entity/Q138075,Alexandre Pato,http://www.wikidata.org/entity/Q12297,Villarreal Club de Fútbol,2016,2017
http://www.wikidata.org/entity/Q138075,Alexandre Pato,http://www.wikidata.org/entity/Q9616,Chelsea FC,2016,2016
http://www.wikidata.org/entity/Q138075,Alexandre Pato,http://www.wikidata.org/entity/Q552880,Tianjin Tianhai F.C.,2017,2018
http://www.wikidata.org/entity/Q138075,Alexandre Pato,http://www.wikidata.org/entity/Q38568,São Paulo FC,2019,2020
http://www.wikidata.org/entity/Q138075,Alexandre Pato,http://www.wikidata.org/entity/Q15214308,Orlando City Soccer Club,2021,2022
http://www.wikidata.org/entity/Q138075,Alexandre Pato,http://www.wikidata.org/entity/Q38568,São Paulo FC,2023,2023
http://www.wikidata.org/entity/Q164546,Alfredo Di Stéfano,http://www.wikidata.org/entity/Q327172,CA Huracán,1946,1946
http://www.wikidata.org/entity/Q164546,Alfredo Di Stéfano,http://www.wikidata.org/entity/Q391984,Club Deportivo Los Millonarios,1949,1953
http://www.wikidata.org/entity/Q164546,Alfredo Di Stéfano,http://www.wikidata.org/entity/Q8682,Real Madrid CF,1953,1964
http://www.wikidata.org/entity/Q164546,Alfredo Di Stéfano,http://www.wikidata.org/entity/Q8780,RCD Espanyol,1964,1966
http://www.wikidata.org/entity/Q107051,Andrea Barzagli,http://www.wikidata.org/entity/Q4006951,San Frediano Rondinella S.S.,1998,2000
http://www.wikidata.org/entity/Q107051,Andrea Barzagli,http://www.wikidata.org/entity/Q1279917,Pistoiese Football Club,2000,2000
http://www.wikidata.org/entity/Q107051,Andrea Barzagli,http://www.wikidata.org/entity/Q6630,Ascoli Calcio 1898 FC,2001,2003
http://www.wikidata.org/entity/Q107051,Andrea Barzagli,http://www.wikidata.org/entity/Q4006951,San Frediano Rondinella S.S.,2001,2001
http://www.wikidata.org/entity/Q107051,Andrea Barzagli,http://www.wikidata.org/entity/Q459794,Plaisance Calcio 1919,2001,2003
http://www.wikidata.org/entity/Q107051,Andrea Barzagli,http://www.wikidata.org/entity/Q2037,Associazione Calcio ChievoVerona,2003,2004
http://www.wikidata.org/entity/Q107051,Andrea Barzagli,http://www.wikidata.org/entity/Q2674,Palermo F.C.,2004,2008
http://www.wikidata.org/entity/Q107051,Andrea Barzagli,http://www.wikidata.org/entity/Q101859,VfL Wolfsburg,2008,2011
http://www.wikidata.org/entity/Q107051,Andrea Barzagli,http://www.wikidata.org/entity/Q1422,Juventus FC,2011,2019
http://www.wikidata.org/entity/Q43926,Andrea Pirlo,http://www.wikidata.org/entity/Q6651,Brescia Calcio,1995,1998
http://www.wikidata.org/entity/Q43926,Andrea Pirlo,http://www.wikidata.org/entity/Q631,FC Internazionale Milano,1998,2001
http://www.wikidata.org/entity/Q43926,Andrea Pirlo,http://www.wikidata.org/entity/Q8476,Reggina 1914,1999,2000
http://www.wikidata.org/entity/Q43926,Andrea Pirlo,http://www.wikidata.org/entity/Q1543,AC Milan,2001,2011
http://www.wikidata.org/entity/Q43926,Andrea Pirlo,http://www.wikidata.org/entity/Q6651,Brescia Calcio,2001,2001
http://www.wikidata.org/entity/Q43926,Andrea Pirlo,http://www.wikidata.org/entity/Q1422,Juventus FC,2011,2015
http://www.wikidata.org/entity/Q43926,Andrea Pirlo,http://www.wikidata.org/entity/Q13361030,New York City FC,2015,2017
http://www.wikidata.org/entity/Q159045,Andreas Brehme,http://www.wikidata.org/entity/Q566169,HSV Barmbek-Uhlenhorst,1978,1980
http://www.wikidata.org/entity/Q159045,Andreas Brehme,http://www.wikidata.org/entity/Q157463,1. FC Sarrebruck,1980,1981
http://www.wikidata.org/entity/Q159045,Andreas Brehme,http://www.wikidata.org/entity/Q8466,1. FC Kaiserslautern,1981,1986
http://www.wikidata.org/entity/Q159045,Andreas Brehme,http://www.wikidata.org/entity/Q15789,Bayern Munich,1986,1988
http://www.wikidata.org/entity/Q159045,Andreas Brehme,http://www.wikidata.org/entity/Q631,FC Internazionale Milano,1988,1992
http://www.wikidata.org/entity/Q159045,Andreas Brehme,http://www.wikidata.org/entity/Q10308,Real Saragosse,1992,1993
http://www.wikidata.org/entity/Q159045,Andreas Brehme,http://www.wikidata.org/entity/Q8466,1. FC Kaiserslautern,1993,1998
http://www.wikidata.org/entity/Q47230,Andreï Archavine,http://www.wikidata.org/entity/Q4191365,Zénith-2 Saint-Pétersbourg,1999,2000
http://www.wikidata.org/entity/Q47230,Andreï Archavine,http://www.wikidata.org/entity/Q29108,Zénith Saint-Pétersbourg,1999,2009
http://www.wikidata.org/entity/Q47230,Andreï Archavine,http://www.wikidata.org/entity/Q9617,Arsenal FC,2009,2013
http://www.wikidata.org/entity/Q47230,Andreï Archavine,http://www.wikidata.org/entity/Q29108,Zénith Saint-Pétersbourg,2012,2012
http://www.wikidata.org/entity/Q47230,Andreï Archavine,http://www.wikidata.org/entity/Q29108,Zénith Saint-Pétersbourg,2013,2015
http://www.wikidata.org/entity/Q47230,Andreï Archavine,http://www.wikidata.org/entity/Q29103,Kouban Krasnodar,2015,2016
http://www.wikidata.org/entity/Q47230,Andreï Archavine,http://www.wikidata.org/entity/Q420594,Kaïrat Almaty,2016,2018
http://www.wikidata.org/entity/Q41244,Andriy Shevtchenko,http://www.wikidata.org/entity/Q179075,Dynamo Kiev,1994,1999
http://www.wikidata.org/entity/Q41244,Andriy Shevtchenko,http://www.wikidata.org/entity/Q1543,AC Milan,1999,2006
http://www.wikidata.org/entity/Q41244,Andriy Shevtchenko,http://www.wikidata.org/entity/Q9616,Chelsea FC,2006,2009
http://www.wikidata.org/entity/Q41244,Andriy Shevtchenko,http://www.wikidata.org/entity/Q1543,AC Milan,2008,2009
http://www.wikidata.org/entity/Q41244,Andriy Shevtchenko,http://www.wikidata.org/entity/Q179075,Dynamo Kiev,2009,2012
http://www.wikidata.org/entity/Q58377,André Schürrle,http://www.wikidata.org/entity/Q105254,1. FSV Mayence 05,2009,2011
http://www.wikidata.org/entity/Q58377,André Schürrle,http://www.wikidata.org/entity/Q104761,Bayer Leverkusen,2011,2013
http://www.wikidata.org/entity/Q58377,André Schürrle,http://www.wikidata.org/entity/Q9616,Chelsea FC,2013,2015
http://www.wikidata.org/entity/Q58377,André Schürrle,http://www.wikidata.org/entity/Q101859,VfL Wolfsburg,2015,2016
http://www.wikidata.org/entity/Q58377,André Schürrle,http://www.wikidata.org/entity/Q41420,BV 09 Borussia Dortmund,2016,2020
http://www.wikidata.org/entity/Q58377,André Schürrle,http://www.wikidata.org/entity/Q18708,Fulham FC,2018,2019
http://www.wikidata.org/entity/Q58377,André Schürrle,http://www.wikidata.org/entity/Q29112,Spartak Moscou,2019,2020
http://www.wikidata.org/entity/Q43729,Andrés Iniesta,http://www.wikidata.org/entity/Q10467,FC Barcelone B,2001,2003
http://www.wikidata.org/entity/Q43729,Andrés Iniesta,http://www.wikidata.org/entity/Q844271,Vissel Kobe,2018,2023
http://www.wikidata.org/entity/Q43729,Andrés Iniesta,http://www.wikidata.org/entity/Q1191998,Emirates Club,2023,2024
http://www.wikidata.org/entity/Q180993,Antonio Cassano,http://www.wikidata.org/entity/Q6641,SSC Bari,1999,2001
http://www.wikidata.org/entity/Q180993,Antonio Cassano,http://www.wikidata.org/entity/Q2739,AS Rome,2001,2006
http://www.wikidata.org/entity/Q180993,Antonio Cassano,http://www.wikidata.org/entity/Q8682,Real Madrid CF,2006,2008
http://www.wikidata.org/entity/Q180993,Antonio Cassano,http://www.wikidata.org/entity/Q1457,UC Sampdoria,2007,2008
http://www.wikidata.org/entity/Q180993,Antonio Cassano,http://www.wikidata.org/entity/Q1457,UC Sampdoria,2008,2011
http://www.wikidata.org/entity/Q180993,Antonio Cassano,http://www.wikidata.org/entity/Q1543,AC Milan,2011,2012
http://www.wikidata.org/entity/Q180993,Antonio Cassano,http://www.wikidata.org/entity/Q631,FC Internazionale Milano,2012,2013
http://www.wikidata.org/entity/Q180993,Antonio Cassano,http://www.wikidata.org/entity/Q2693,Parme Calcio 1913,2013,2015
http://www.wikidata.org/entity/Q180993,Antonio Cassano,http://www.wikidata.org/entity/Q1457,UC Sampdoria,2015,2016
http://www.wikidata.org/entity/Q180993,Antonio Cassano,http://www.wikidata.org/entity/Q8639,Hellas Vérone Football Club,2017,2017
http://www.wikidata.org/entity/Q26580,Antonio Conte,http://www.wikidata.org/entity/Q13391,Unione Sportiva Lecce,1985,1991
http://www.wikidata.org/entity/Q26580,Antonio Conte,http://www.wikidata.org/entity/Q1422,Juventus FC,1991,2004
http://www.wikidata.org/entity/Q167281,Antonio Di Natale,http://www.wikidata.org/entity/Q6703,Empoli Football Club,1996,2004
http://www.wikidata.org/entity/Q167281,Antonio Di Natale,http://www.wikidata.org/entity/Q3626849,Associazione Calcio Boca San Lazzaro,1997,1998
http://www.wikidata.org/entity/Q167281,Antonio Di Natale,http://www.wikidata.org/entity/Q8633,Varèse Calcio,1998,1998
http://www.wikidata.org/entity/Q167281,Antonio Di Natale,http://www.wikidata.org/entity/Q1380971,Football Club Esperia Viareggio,1998,1999
http://www.wikidata.org/entity/Q167281,Antonio Di Natale,http://www.wikidata.org/entity/Q2798,Udinese Calcio,2004,2016
http://www.wikidata.org/entity/Q96755,Antonio Rüdiger,http://www.wikidata.org/entity/Q4512,VfB Stuttgart,2012,2016
http://www.wikidata.org/entity/Q96755,Antonio Rüdiger,http://www.wikidata.org/entity/Q2739,AS Rome,2015,2016
http://www.wikidata.org/entity/Q96755,Antonio Rüdiger,http://www.wikidata.org/entity/Q2739,AS Rome,2016,2017
http://www.wikidata.org/entity/Q96755,Antonio Rüdiger,http://www.wikidata.org/entity/Q9616,Chelsea FC,2017,2022
http://www.wikidata.org/entity/Q96755,Antonio Rüdiger,http://www.wikidata.org/entity/Q8682,Real Madrid CF,2022,
http://www.wikidata.org/entity/Q174486,Antonio Valencia,http://www.wikidata.org/entity/Q249633,Club Deportivo El Nacional,2003,2005
http://www.wikidata.org/entity/Q174486,Antonio Valencia,http://www.wikidata.org/entity/Q12249,Recreativo de Huelva,2005,2006
http://www.wikidata.org/entity/Q174486,Antonio Valencia,http://www.wikidata.org/entity/Q12297,Villarreal Club de Fútbol,2005,2008
http://www.wikidata.org/entity/Q174486,Antonio Valencia,http://www.wikidata.org/entity/Q18750,Wigan Athletic FC,2006,2008
http://www.wikidata.org/entity/Q174486,Antonio Valencia,http://www.wikidata.org/entity/Q18750,Wigan Athletic FC,2008,2009
http://www.wikidata.org/entity/Q174486,Antonio Valencia,http://www.wikidata.org/entity/Q18656,Manchester United FC,2009,2019
http://www.wikidata.org/entity/Q174486,Antonio Valencia,http://www.wikidata.org/entity/Q249643,Liga de Quito,2019,2020
http://www.wikidata.org/entity/Q174486,Antonio Valencia,http://www.wikidata.org/entity/Q606210,Querétaro FC,2020,2021
http://www.wikidata.org/entity/Q342489,Antônio de Oliveira Filho,http://www.wikidata.org/entity/Q1133475,Guarani Futebol Clube,1978,1982
http://www.wikidata.org/entity/Q342489,Antônio de Oliveira Filho,http://www.wikidata.org/entity/Q38568,São Paulo FC,1983,1987
http://www.wikidata.org/entity/Q342489,Antônio de Oliveira Filho,http://www.wikidata.org/entity/Q2641,Società Sportiva Calcio Napoli,1987,1993
http://www.wikidata.org/entity/Q342489,Antônio de Oliveira Filho,http://www.wikidata.org/entity/Q844931,Kashiwa Reysol,1993,1996
http://www.wikidata.org/entity/Q342489,Antônio de Oliveira Filho,http://www.wikidata.org/entity/Q80955,Santos FC,1997,1997
http://www.wikidata.org/entity/Q342489,Antônio de Oliveira Filho,http://www.wikidata.org/entity/Q7579313,Sport Club Barueri,1998,1998
http://www.wikidata.org/entity/Q342489,Antônio de Oliveira Filho,http://www.wikidata.org/entity/Q749603,São José Esporte Clube,1999,1999
http://www.wikidata.org/entity/Q342489,Antônio de Oliveira Filho,http://www.wikidata.org/entity/Q2508225,Esporte Clube São José,1999,1999
http://www.wikidata.org/entity/Q487459,Arda Turan,http://www.wikidata.org/entity/Q495299,Galatasaray SK,2004,2011
http://www.wikidata.org/entity/Q487459,Arda Turan,http://www.wikidata.org/entity/Q128148,Manisaspor,2006,2006
http://www.wikidata.org/entity/Q487459,Arda Turan,http://www.wikidata.org/entity/Q8701,Club Atlético de Madrid,2011,2015
http://www.wikidata.org/entity/Q487459,Arda Turan,http://www.wikidata.org/entity/Q857938,İstanbul BB,2018,2020
http://www.wikidata.org/entity/Q487459,Arda Turan,http://www.wikidata.org/entity/Q495299,Galatasaray SK,2020,2022
http://www.wikidata.org/entity/Q43913,Arjen Robben,http://www.wikidata.org/entity/Q1837832,VV Bedum,1989,1996
http://www.wikidata.org/entity/Q43913,Arjen Robben,http://www.wikidata.org/entity/Q24711,FC Groningue,1996,2000
http://www.wikidata.org/entity/Q43913,Arjen Robben,http://www.wikidata.org/entity/Q24711,FC Groningue,2000,2002
http://www.wikidata.org/entity/Q43913,Arjen Robben,http://www.wikidata.org/entity/Q11938,PSV Eindhoven,2002,2004
http://www.wikidata.org/entity/Q43913,Arjen Robben,http://www.wikidata.org/entity/Q9616,Chelsea FC,2004,2007
http://www.wikidata.org/entity/Q43913,Arjen Robben,http://www.wikidata.org/entity/Q8682,Real Madrid CF,2007,2009
http://www.wikidata.org/entity/Q43913,Arjen Robben,http://www.wikidata.org/entity/Q15789,Bayern Munich,2009,2019
http://www.wikidata.org/entity/Q43913,Arjen Robben,http://www.wikidata.org/entity/Q24711,FC Groningue,2020,2021
http://www.wikidata.org/entity/Q713439,Artiom Dziouba,http://www.wikidata.org/entity/Q29112,Spartak Moscou,2006,2015
http://www.wikidata.org/entity/Q713439,Artiom Dziouba,http://www.wikidata.org/entity/Q329510,Tom Tomsk,2009,2009
http://www.wikidata.org/entity/Q713439,Artiom Dziouba,http://www.wikidata.org/entity/Q329510,Tom Tomsk,2010,2010
http://www.wikidata.org/entity/Q713439,Artiom Dziouba,http://www.wikidata.org/entity/Q182930,FK Rostov,2013,2014
http://www.wikidata.org/entity/Q713439,Artiom Dziouba,http://www.wikidata.org/entity/Q29108,Zénith Saint-Pétersbourg,2015,2022
http://www.wikidata.org/entity/Q713439,Artiom Dziouba,http://www.wikidata.org/entity/Q182930,FK Rostov,2015,2015
http://www.wikidata.org/entity/Q713439,Artiom Dziouba,http://www.wikidata.org/entity/Q2817362,Arsenal Toula,2018,2018
http://www.wikidata.org/entity/Q713439,Artiom Dziouba,http://www.wikidata.org/entity/Q352251,Adana Demirspor,2022,2022
http://www.wikidata.org/entity/Q713439,Artiom Dziouba,http://www.wikidata.org/entity/Q29115,Lokomotiv Moscou,2023,2024
http://www.wikidata.org/entity/Q713439,Artiom Dziouba,http://www.wikidata.org/entity/Q65124755,Akron Togliatti,2024,
http://www.wikidata.org/entity/Q222746,Asamoah Gyan,http://www.wikidata.org/entity/Q603633,Liberty Professionals,2003,2003
http://www.wikidata.org/entity/Q222746,Asamoah Gyan,http://www.wikidata.org/entity/Q2798,Udinese Calcio,2003,2008
http://www.wikidata.org/entity/Q222746,Asamoah Gyan,http://www.wikidata.org/entity/Q8408,Modène Football Club,2004,2006
http://www.wikidata.org/entity/Q222746,Asamoah Gyan,http://www.wikidata.org/entity/Q19509,Stade rennais FC,2008,2010
http://www.wikidata.org/entity/Q222746,Asamoah Gyan,http://www.wikidata.org/entity/Q18739,Sunderland AFC,2010,2012
http://www.wikidata.org/entity/Q222746,Asamoah Gyan,http://www.wikidata.org/entity/Q812720,Al-Aïn Football Club,2011,2012
http://www.wikidata.org/entity/Q222746,Asamoah Gyan,http://www.wikidata.org/entity/Q812720,Al-Aïn Football Club,2012,2015
http://www.wikidata.org/entity/Q222746,Asamoah Gyan,http://www.wikidata.org/entity/Q564216,Shanghai Port FC,2015,2017
http://www.wikidata.org/entity/Q222746,Asamoah Gyan,http://www.wikidata.org/entity/Q424943,Al-Ahli Dubaï,2016,2017
http://www.wikidata.org/entity/Q222746,Asamoah Gyan,http://www.wikidata.org/entity/Q608122,Kayserispor,2017,2019
http://www.wikidata.org/entity/Q222746,Asamoah Gyan,http://www.wikidata.org/entity/Q16840338,NorthEast United,2019,2020
http://www.wikidata.org/entity/Q222746,Asamoah Gyan,http://www.wikidata.org/entity/Q1440611,Legon Cities FC,2020,2021
http://www.wikidata.org/entity/Q133556,Ashley Cole,http://www.wikidata.org/entity/Q9617,Arsenal FC,1998,2006
http://www.wikidata.org/entity/Q133556,Ashley Cole,http://www.wikidata.org/entity/Q19467,Crystal Palace FC,1999,2000
http://www.wikidata.org/entity/Q133556,Ashley Cole,http://www.wikidata.org/entity/Q9616,Chelsea FC,2006,2014
http://www.wikidata.org/entity/Q133556,Ashley Cole,http://www.wikidata.org/entity/Q2739,AS Rome,2014,2016
http://www.wikidata.org/entity/Q133556,Ashley Cole,http://www.wikidata.org/entity/Q204357,Galaxy de Los Angeles,2016,2018
http://www.wikidata.org/entity/Q133556,Ashley Cole,http://www.wikidata.org/entity/Q19470,Derby County FC,2019,2019
http://www.wikidata.org/entity/Q10602,Ashley Young,http://www.wikidata.org/entity/Q2714,Watford Football Club,2003,2007
http://www.wikidata.org/entity/Q10602,Ashley Young,http://www.wikidata.org/entity/Q18711,Aston Villa FC,2007,2011
http://www.wikidata.org/entity/Q10602,Ashley Young,http://www.wikidata.org/entity/Q18656,Manchester United FC,2011,2020
http://www.wikidata.org/entity/Q10602,Ashley Young,http://www.wikidata.org/entity/Q631,FC Internazionale Milano,2020,2021
http://www.wikidata.org/entity/Q10602,Ashley Young,http://www.wikidata.org/entity/Q18711,Aston Villa FC,2021,2023
http://www.wikidata.org/entity/Q10602,Ashley Young,http://www.wikidata.org/entity/Q5794,Everton FC,2023,2025
http://www.wikidata.org/entity/Q10602,Ashley Young,http://www.wikidata.org/entity/Q9653,Ipswich Town FC,2025,2026
http://www.wikidata.org/entity/Q310607,Atsuto Uchida,http://www.wikidata.org/entity/Q16932,Kashima Antlers,2006,2010
http://www.wikidata.org/entity/Q310607,Atsuto Uchida,http://www.wikidata.org/entity/Q32494,FC Schalke 04,2010,2017
http://www.wikidata.org/entity/Q310607,Atsuto Uchida,http://www.wikidata.org/entity/Q3736767,FC Schalke 04 II,2014,2014
http://www.wikidata.org/entity/Q310607,Atsuto Uchida,http://www.wikidata.org/entity/Q141971,1. FC Union Berlin,2017,
http://www.wikidata.org/entity/Q1938,Bacary Sagna,http://www.wikidata.org/entity/Q182876,AJ Auxerre,2004,2007
http://www.wikidata.org/entity/Q1938,Bacary Sagna,http://www.wikidata.org/entity/Q9617,Arsenal FC,2007,2014
http://www.wikidata.org/entity/Q1938,Bacary Sagna,http://www.wikidata.org/entity/Q50602,Manchester City FC,2014,2017
http://www.wikidata.org/entity/Q1938,Bacary Sagna,http://www.wikidata.org/entity/Q167615,CF Montréal,2018,2019
http://www.wikidata.org/entity/Q1938,Bacary Sagna,http://www.wikidata.org/entity/Q652516,Bénévent Calcio,2018,2018
http://www.wikidata.org/entity/Q44298,Bastian Schweinsteiger,http://www.wikidata.org/entity/Q15789,Bayern Munich,2002,2015
http://www.wikidata.org/entity/Q44298,Bastian Schweinsteiger,http://www.wikidata.org/entity/Q18656,Manchester United FC,2015,2017
http://www.wikidata.org/entity/Q44298,Bastian Schweinsteiger,http://www.wikidata.org/entity/Q308683,Fire de Chicago,2017,2019
http://www.wikidata.org/entity/Q204825,Bebeto,http://www.wikidata.org/entity/Q198032,EC Bahia,,
http://www.wikidata.org/entity/Q204825,Bebeto,http://www.wikidata.org/entity/Q274465,Esporte Clube Vitória,1983,1983
http://www.wikidata.org/entity/Q204825,Bebeto,http://www.wikidata.org/entity/Q17479,Clube de Regatas do Flamengo,1983,1989
http://www.wikidata.org/entity/Q204825,Bebeto,http://www.wikidata.org/entity/Q5014111,CR Vasco da Gama,1989,1991
http://www.wikidata.org/entity/Q204825,Bebeto,http://www.wikidata.org/entity/Q8760,Deportivo LC,1992,1996
http://www.wikidata.org/entity/Q204825,Bebeto,http://www.wikidata.org/entity/Q17479,Clube de Regatas do Flamengo,1996,1996
http://www.wikidata.org/entity/Q204825,Bebeto,http://www.wikidata.org/entity/Q274465,Esporte Clube Vitória,1997,1997
http://www.wikidata.org/entity/Q204825,Bebeto,http://www.wikidata.org/entity/Q188277,Cruzeiro EC,1997,1997
http://www.wikidata.org/entity/Q204825,Bebeto,http://www.wikidata.org/entity/Q10329,Sevilla Fútbol Club,1997,1997
http://www.wikidata.org/entity/Q204825,Bebeto,http://www.wikidata.org/entity/Q80958,Botafogo FR,1998,1999
http://www.wikidata.org/entity/Q204825,Bebeto,http://www.wikidata.org/entity/Q2005514,Toros Neza,1999,1999
http://www.wikidata.org/entity/Q204825,Bebeto,http://www.wikidata.org/entity/Q274465,Esporte Clube Vitória,2000,2000
http://www.wikidata.org/entity/Q204825,Bebeto,http://www.wikidata.org/entity/Q16932,Kashima Antlers,2000,2000
http://www.wikidata.org/entity/Q204825,Bebeto,http://www.wikidata.org/entity/Q5014111,CR Vasco da Gama,2001,2002
http://www.wikidata.org/entity/Q204825,Bebeto,http://www.wikidata.org/entity/Q309480,Ittihad FC,2002,2002
http://www.wikidata.org/entity/Q152897,Benedikt Höwedes,http://www.wikidata.org/entity/Q3736767,FC Schalke 04 II,2007,2009
http://www.wikidata.org/entity/Q152897,Benedikt Höwedes,http://www.wikidata.org/entity/Q32494,FC Schalke 04,2007,2018
http://www.wikidata.org/entity/Q152897,Benedikt Höwedes,http://www.wikidata.org/entity/Q1422,Juventus FC,2017,2018
http://www.wikidata.org/entity/Q152897,Benedikt Höwedes,http://www.wikidata.org/entity/Q29115,Lokomotiv Moscou,2018,2020
http://www.wikidata.org/entity/Q207457,Bill Shankly,http://www.wikidata.org/entity/Q5187697,Cronberry Eglinton F.C.,,
http://www.wikidata.org/entity/Q207457,Bill Shankly,http://www.wikidata.org/entity/Q19575,Carlisle United Football Club,1932,1933
http://www.wikidata.org/entity/Q207457,Bill Shankly,http://www.wikidata.org/entity/Q19612,Preston North End FC,1933,1949
http://www.wikidata.org/entity/Q44073,Bixente Lizarazu,http://www.wikidata.org/entity/Q172476,Girondins de Bordeaux,1988,1996
http://www.wikidata.org/entity/Q44073,Bixente Lizarazu,http://www.wikidata.org/entity/Q8687,Athletic Bilbao,1996,1997
http://www.wikidata.org/entity/Q44073,Bixente Lizarazu,http://www.wikidata.org/entity/Q15789,Bayern Munich,1997,2004
http://www.wikidata.org/entity/Q44073,Bixente Lizarazu,http://www.wikidata.org/entity/Q483020,Paris Saint-Germain FC,2004,2005
http://www.wikidata.org/entity/Q44073,Bixente Lizarazu,http://www.wikidata.org/entity/Q15789,Bayern Munich,2005,2006
http://www.wikidata.org/entity/Q1921,Blaise Matuidi,http://www.wikidata.org/entity/Q501693,ES Troyes AC,2004,2007
http://www.wikidata.org/entity/Q1921,Blaise Matuidi,http://www.wikidata.org/entity/Q19521,AS Saint-Étienne,2007,2011
http://www.wikidata.org/entity/Q1921,Blaise Matuidi,http://www.wikidata.org/entity/Q483020,Paris Saint-Germain FC,2011,2017
http://www.wikidata.org/entity/Q1921,Blaise Matuidi,http://www.wikidata.org/entity/Q1422,Juventus FC,2017,2020
http://www.wikidata.org/entity/Q1921,Blaise Matuidi,http://www.wikidata.org/entity/Q16844931,Inter Miami CF,2020,2021
http://www.wikidata.org/entity/Q171583,Bobby Charlton,http://www.wikidata.org/entity/Q18656,Manchester United FC,1953,1956
http://www.wikidata.org/entity/Q171583,Bobby Charlton,http://www.wikidata.org/entity/Q18656,Manchester United FC,1956,1973
http://www.wikidata.org/entity/Q171583,Bobby Charlton,http://www.wikidata.org/entity/Q19612,Preston North End FC,1974,1975
http://www.wikidata.org/entity/Q171583,Bobby Charlton,http://www.wikidata.org/entity/Q394466,Waterford United Football Club,1976,1976
http://www.wikidata.org/entity/Q171583,Bobby Charlton,http://www.wikidata.org/entity/Q316789,Melbourne Victory Football Club,1976,1976
http://www.wikidata.org/entity/Q189587,Bobby Robson,http://www.wikidata.org/entity/Q18708,Fulham FC,1950,1956
http://www.wikidata.org/entity/Q189587,Bobby Robson,http://www.wikidata.org/entity/Q18744,West Bromwich Albion,1956,1962
http://www.wikidata.org/entity/Q189587,Bobby Robson,http://www.wikidata.org/entity/Q18708,Fulham FC,1962,1967
http://www.wikidata.org/entity/Q189587,Bobby Robson,http://www.wikidata.org/entity/Q180751,Vancouver Royals,1967,1968
http://www.wikidata.org/entity/Q179172,Bojan Krkić,http://www.wikidata.org/entity/Q105254,1. FSV Mayence 05,,
http://www.wikidata.org/entity/Q179172,Bojan Krkić,http://www.wikidata.org/entity/Q10467,FC Barcelone B,2006,2007
http://www.wikidata.org/entity/Q179172,Bojan Krkić,http://www.wikidata.org/entity/Q2739,AS Rome,2011,2013
http://www.wikidata.org/entity/Q179172,Bojan Krkić,http://www.wikidata.org/entity/Q1543,AC Milan,2012,2013
http://www.wikidata.org/entity/Q179172,Bojan Krkić,http://www.wikidata.org/entity/Q81888,Ajax Amsterdam,2013,2014
http://www.wikidata.org/entity/Q179172,Bojan Krkić,http://www.wikidata.org/entity/Q18736,Stoke City FC,2014,2019
http://www.wikidata.org/entity/Q179172,Bojan Krkić,http://www.wikidata.org/entity/Q223620,Deportivo Alavés,2017,2018
http://www.wikidata.org/entity/Q179172,Bojan Krkić,http://www.wikidata.org/entity/Q167615,CF Montréal,2019,2021
http://www.wikidata.org/entity/Q179172,Bojan Krkić,http://www.wikidata.org/entity/Q844271,Vissel Kobe,2021,2023
http://www.wikidata.org/entity/Q181921,Branislav Ivanović,http://www.wikidata.org/entity/Q2505672,FK Srem Sremska Mitrovica,2002,2003
http://www.wikidata.org/entity/Q181921,Branislav Ivanović,http://www.wikidata.org/entity/Q209619,OFK Belgrade,2003,2006
http://www.wikidata.org/entity/Q181921,Branislav Ivanović,http://www.wikidata.org/entity/Q29115,Lokomotiv Moscou,2006,2008
http://www.wikidata.org/entity/Q181921,Branislav Ivanović,http://www.wikidata.org/entity/Q9616,Chelsea FC,2008,2017
http://www.wikidata.org/entity/Q181921,Branislav Ivanović,http://www.wikidata.org/entity/Q29108,Zénith Saint-Pétersbourg,2017,2020
http://www.wikidata.org/entity/Q181921,Branislav Ivanović,http://www.wikidata.org/entity/Q18744,West Bromwich Albion,2020,2021
http://www.wikidata.org/entity/Q193000,Bruno Alves,http://www.wikidata.org/entity/Q5423714,FC Porto B,2000,2002
http://www.wikidata.org/entity/Q193000,Bruno Alves,http://www.wikidata.org/entity/Q128446,Futebol Clube do Porto,2001,2010
http://www.wikidata.org/entity/Q193000,Bruno Alves,http://www.wikidata.org/entity/Q744353,SC Farense,2002,2003
http://www.wikidata.org/entity/Q193000,Bruno Alves,http://www.wikidata.org/entity/Q223450,Vitória Sport Clube,2003,2004
http://www.wikidata.org/entity/Q193000,Bruno Alves,http://www.wikidata.org/entity/Q29108,Zénith Saint-Pétersbourg,2010,2013
http://www.wikidata.org/entity/Q193000,Bruno Alves,http://www.wikidata.org/entity/Q6601875,Fenerbahçe Istanbul,2013,2016
http://www.wikidata.org/entity/Q193000,Bruno Alves,http://www.wikidata.org/entity/Q1900,Cagliari Calcio,2016,2017
http://www.wikidata.org/entity/Q193000,Bruno Alves,http://www.wikidata.org/entity/Q19597,Rangers FC,2017,2018
http://www.wikidata.org/entity/Q193000,Bruno Alves,http://www.wikidata.org/entity/Q2693,Parme Calcio 1913,2018,2021
http://www.wikidata.org/entity/Q57148,Cacau,http://www.wikidata.org/entity/Q6957264,Nacional Atlético Clube,1997,1999
http://www.wikidata.org/entity/Q57148,Cacau,http://www.wikidata.org/entity/Q877111,SV Türk Gücü München,1999,2001
http://www.wikidata.org/entity/Q57148,Cacau,http://www.wikidata.org/entity/Q15786,1. FC Nuremberg,2001,2003
http://www.wikidata.org/entity/Q57148,Cacau,http://www.wikidata.org/entity/Q4512,VfB Stuttgart,2003,2014
http://www.wikidata.org/entity/Q57148,Cacau,http://www.wikidata.org/entity/Q855809,Cerezo Osaka,2014,2015
http://www.wikidata.org/entity/Q178683,Cafu,http://www.wikidata.org/entity/Q38568,São Paulo FC,1990,1994
http://www.wikidata.org/entity/Q178683,Cafu,http://www.wikidata.org/entity/Q80964,SE Palmeiras,1995,1997
http://www.wikidata.org/entity/Q178683,Cafu,http://www.wikidata.org/entity/Q10308,Real Saragosse,1995,1995
http://www.wikidata.org/entity/Q178683,Cafu,http://www.wikidata.org/entity/Q910453,Esporte Clube Juventude,1995,1995
http://www.wikidata.org/entity/Q178683,Cafu,http://www.wikidata.org/entity/Q2739,AS Rome,1997,2003
http://www.wikidata.org/entity/Q178683,Cafu,http://www.wikidata.org/entity/Q1543,AC Milan,2003,2008
http://www.wikidata.org/entity/Q208104,Carasu,http://www.wikidata.org/entity/Q1967477,Antiguoko,1990,1999
http://www.wikidata.org/entity/Q208104,Carasu,http://www.wikidata.org/entity/Q1067750,Real Sociedad B,1999,2000
http://www.wikidata.org/entity/Q208104,Carasu,http://www.wikidata.org/entity/Q770740,SD Eibar,2000,2001
http://www.wikidata.org/entity/Q208104,Carasu,http://www.wikidata.org/entity/Q10315,Real Sociedad,2000,2004
http://www.wikidata.org/entity/Q208104,Carasu,http://www.wikidata.org/entity/Q1130849,Liverpool FC,2004,2009
http://www.wikidata.org/entity/Q208104,Carasu,http://www.wikidata.org/entity/Q8682,Real Madrid CF,2009,2014
http://www.wikidata.org/entity/Q208104,Carasu,http://www.wikidata.org/entity/Q15789,Bayern Munich,2014,2017
http://www.wikidata.org/entity/Q174614,Carlo Ancelotti,http://www.wikidata.org/entity/Q2693,Parme Calcio 1913,1976,1979
http://www.wikidata.org/entity/Q174614,Carlo Ancelotti,http://www.wikidata.org/entity/Q2739,AS Rome,1979,1987
http://www.wikidata.org/entity/Q174614,Carlo Ancelotti,http://www.wikidata.org/entity/Q1543,AC Milan,1987,1992
http://www.wikidata.org/entity/Q50600,Carlos Tévez,http://www.wikidata.org/entity/Q35933,Corinthians Paulista,2005,2006
http://www.wikidata.org/entity/Q50600,Carlos Tévez,http://www.wikidata.org/entity/Q18747,West Ham United FC,2006,2007
http://www.wikidata.org/entity/Q50600,Carlos Tévez,http://www.wikidata.org/entity/Q18656,Manchester United FC,2007,2009
http://www.wikidata.org/entity/Q50600,Carlos Tévez,http://www.wikidata.org/entity/Q50602,Manchester City FC,2009,2013
http://www.wikidata.org/entity/Q50600,Carlos Tévez,http://www.wikidata.org/entity/Q1422,Juventus FC,2013,2015
http://www.wikidata.org/entity/Q50600,Carlos Tévez,http://www.wikidata.org/entity/Q725367,Shanghai Shenhua FC,2017,2017
http://www.wikidata.org/entity/Q204089,Carlos Valderrama,http://www.wikidata.org/entity/Q3324250,Deportivo La Coruña Brasil Futebol Clube,,
http://www.wikidata.org/entity/Q204089,Carlos Valderrama,http://www.wikidata.org/entity/Q391984,Club Deportivo Los Millonarios,1981,1984
http://www.wikidata.org/entity/Q204089,Carlos Valderrama,http://www.wikidata.org/entity/Q391984,Club Deportivo Los Millonarios,1984,1984
http://www.wikidata.org/entity/Q204089,Carlos Valderrama,http://www.wikidata.org/entity/Q663400,Deportivo Cali,1985,1988
http://www.wikidata.org/entity/Q204089,Carlos Valderrama,http://www.wikidata.org/entity/Q663400,Deportivo Cali,1985,1997
http://www.wikidata.org/entity/Q204089,Carlos Valderrama,http://www.wikidata.org/entity/Q19513,Montpellier Hérault SC,1988,1991
http://www.wikidata.org/entity/Q204089,Carlos Valderrama,http://www.wikidata.org/entity/Q10319,Real Valladolid,1991,1992
http://www.wikidata.org/entity/Q204089,Carlos Valderrama,http://www.wikidata.org/entity/Q332527,Independiente Medellín,1992,1992
http://www.wikidata.org/entity/Q204089,Carlos Valderrama,http://www.wikidata.org/entity/Q332527,Independiente Medellín,1992,1993
http://www.wikidata.org/entity/Q204089,Carlos Valderrama,http://www.wikidata.org/entity/Q332524,Junior Barranquilla,1993,1995
http://www.wikidata.org/entity/Q204089,Carlos Valderrama,http://www.wikidata.org/entity/Q663400,Deportivo Cali,1996,1988
http://www.wikidata.org/entity/Q204089,Carlos Valderrama,http://www.wikidata.org/entity/Q663400,Deportivo Cali,1996,1997
http://www.wikidata.org/entity/Q204089,Carlos Valderrama,http://www.wikidata.org/entity/Q663400,Deportivo Cali,1996,1997
http://www.wikidata.org/entity/Q204089,Carlos Valderrama,http://www.wikidata.org/entity/Q421009,Mutiny de Tampa Bay,1996,1997
http://www.wikidata.org/entity/Q204089,Carlos Valderrama,http://www.wikidata.org/entity/Q421009,Mutiny de Tampa Bay,1996,2001
http://www.wikidata.org/entity/Q204089,Carlos Valderrama,http://www.wikidata.org/entity/Q862647,Fusion de Miami,1998,1998
http://www.wikidata.org/entity/Q204089,Carlos Valderrama,http://www.wikidata.org/entity/Q862647,Fusion de Miami,1998,1999
http://www.wikidata.org/entity/Q204089,Carlos Valderrama,http://www.wikidata.org/entity/Q421009,Mutiny de Tampa Bay,1999,1997
http://www.wikidata.org/entity/Q204089,Carlos Valderrama,http://www.wikidata.org/entity/Q421009,Mutiny de Tampa Bay,1999,2001
http://www.wikidata.org/entity/Q204089,Carlos Valderrama,http://www.wikidata.org/entity/Q421009,Mutiny de Tampa Bay,1999,2001
http://www.wikidata.org/entity/Q204089,Carlos Valderrama,http://www.wikidata.org/entity/Q642408,Rapids du Colorado,2001,2002
http://www.wikidata.org/entity/Q204089,Carlos Valderrama,http://www.wikidata.org/entity/Q642408,Rapids du Colorado,2002,2004
http://www.wikidata.org/entity/Q47950,Carlos Vela,http://www.wikidata.org/entity/Q9617,Arsenal FC,2005,2012
http://www.wikidata.org/entity/Q47950,Carlos Vela,http://www.wikidata.org/entity/Q697353,UD Salamanca,2006,2007
http://www.wikidata.org/entity/Q47950,Carlos Vela,http://www.wikidata.org/entity/Q8749,Celta de Vigo,2006,2006
http://www.wikidata.org/entity/Q47950,Carlos Vela,http://www.wikidata.org/entity/Q10286,Club Atlético Osasuna,2007,2008
http://www.wikidata.org/entity/Q47950,Carlos Vela,http://www.wikidata.org/entity/Q18744,West Bromwich Albion,2010,2011
http://www.wikidata.org/entity/Q47950,Carlos Vela,http://www.wikidata.org/entity/Q10315,Real Sociedad,2011,2012
http://www.wikidata.org/entity/Q47950,Carlos Vela,http://www.wikidata.org/entity/Q10315,Real Sociedad,2012,2018
http://www.wikidata.org/entity/Q47950,Carlos Vela,http://www.wikidata.org/entity/Q18380286,Los Angeles Football Club,2018,2024
http://www.wikidata.org/entity/Q17499,Cesc Fàbregas,http://www.wikidata.org/entity/Q3160759,CE Mataró,1995,1997
http://www.wikidata.org/entity/Q17499,Cesc Fàbregas,http://www.wikidata.org/entity/Q4384231,Arsenal F.C. Reserves,2003,2003
http://www.wikidata.org/entity/Q17499,Cesc Fàbregas,http://www.wikidata.org/entity/Q9617,Arsenal FC,2003,2011
http://www.wikidata.org/entity/Q17499,Cesc Fàbregas,http://www.wikidata.org/entity/Q9616,Chelsea FC,2014,2019
http://www.wikidata.org/entity/Q17499,Cesc Fàbregas,http://www.wikidata.org/entity/Q180305,AS Monaco FC,2019,2022
http://www.wikidata.org/entity/Q17499,Cesc Fàbregas,http://www.wikidata.org/entity/Q1120838,Côme 1907,2022,2023
http://www.wikidata.org/entity/Q29491,Chris Smalling,http://www.wikidata.org/entity/Q1764590,Maidstone United Football Club,2007,2008
http://www.wikidata.org/entity/Q29491,Chris Smalling,http://www.wikidata.org/entity/Q18708,Fulham FC,2008,2010
http://www.wikidata.org/entity/Q29491,Chris Smalling,http://www.wikidata.org/entity/Q18656,Manchester United FC,2010,2020
http://www.wikidata.org/entity/Q29491,Chris Smalling,http://www.wikidata.org/entity/Q2739,AS Rome,2019,2020
http://www.wikidata.org/entity/Q29491,Chris Smalling,http://www.wikidata.org/entity/Q2739,AS Rome,2020,2024
http://www.wikidata.org/entity/Q29491,Chris Smalling,http://www.wikidata.org/entity/Q20081435,FC Al-Feiha,2024,2026
http://www.wikidata.org/entity/Q484909,Clarence Seedorf,http://www.wikidata.org/entity/Q81888,Ajax Amsterdam,1992,1995
http://www.wikidata.org/entity/Q484909,Clarence Seedorf,http://www.wikidata.org/entity/Q1457,UC Sampdoria,1995,1996
http://www.wikidata.org/entity/Q484909,Clarence Seedorf,http://www.wikidata.org/entity/Q8682,Real Madrid CF,1996,1999
http://www.wikidata.org/entity/Q484909,Clarence Seedorf,http://www.wikidata.org/entity/Q631,FC Internazionale Milano,2000,2003
http://www.wikidata.org/entity/Q484909,Clarence Seedorf,http://www.wikidata.org/entity/Q1543,AC Milan,2002,2011
http://www.wikidata.org/entity/Q484909,Clarence Seedorf,http://www.wikidata.org/entity/Q80958,Botafogo FR,2012,2014
http://www.wikidata.org/entity/Q184362,Claude Makelélé,http://www.wikidata.org/entity/Q218372,Stade brestois 29,1990,1991
http://www.wikidata.org/entity/Q184362,Claude Makelélé,http://www.wikidata.org/entity/Q192071,Football Club de Nantes,1991,1997
http://www.wikidata.org/entity/Q184362,Claude Makelélé,http://www.wikidata.org/entity/Q132885,Olympique de Marseille,1997,1998
http://www.wikidata.org/entity/Q184362,Claude Makelélé,http://www.wikidata.org/entity/Q8749,Celta de Vigo,1998,2000
http://www.wikidata.org/entity/Q184362,Claude Makelélé,http://www.wikidata.org/entity/Q8682,Real Madrid CF,2000,2003
http://www.wikidata.org/entity/Q184362,Claude Makelélé,http://www.wikidata.org/entity/Q9616,Chelsea FC,2003,2008
http://www.wikidata.org/entity/Q184362,Claude Makelélé,http://www.wikidata.org/entity/Q483020,Paris Saint-Germain FC,2008,2011
http://www.wikidata.org/entity/Q313161,Claudio Bravo,http://www.wikidata.org/entity/Q207373,Colo-Colo,2001,2006
http://www.wikidata.org/entity/Q313161,Claudio Bravo,http://www.wikidata.org/entity/Q10315,Real Sociedad,2006,2014
http://www.wikidata.org/entity/Q313161,Claudio Bravo,http://www.wikidata.org/entity/Q50602,Manchester City FC,2016,2020
http://www.wikidata.org/entity/Q313161,Claudio Bravo,http://www.wikidata.org/entity/Q8723,Betis Balompié,2020,2024
http://www.wikidata.org/entity/Q179995,Claudio Marchisio,http://www.wikidata.org/entity/Q1422,Juventus FC,2005,2018
http://www.wikidata.org/entity/Q179995,Claudio Marchisio,http://www.wikidata.org/entity/Q6703,Empoli Football Club,2007,2008
http://www.wikidata.org/entity/Q179995,Claudio Marchisio,http://www.wikidata.org/entity/Q29108,Zénith Saint-Pétersbourg,2018,2019
http://www.wikidata.org/entity/Q235068,Claudio Ranieri,http://www.wikidata.org/entity/Q2739,AS Rome,1973,1974
http://www.wikidata.org/entity/Q235068,Claudio Ranieri,http://www.wikidata.org/entity/Q501372,Unione Sportiva Catanzaro,1974,1982
http://www.wikidata.org/entity/Q235068,Claudio Ranieri,http://www.wikidata.org/entity/Q2018,Catania Football Club,1982,1984
http://www.wikidata.org/entity/Q235068,Claudio Ranieri,http://www.wikidata.org/entity/Q2674,Palermo F.C.,1984,1986
http://www.wikidata.org/entity/Q99760796,Cole Palmer,http://www.wikidata.org/entity/Q50602,Manchester City FC,2020,2023
http://www.wikidata.org/entity/Q99760796,Cole Palmer,http://www.wikidata.org/entity/Q9616,Chelsea FC,2023,
http://www.wikidata.org/entity/Q294806,César Azpilicueta,http://www.wikidata.org/entity/Q10286,Club Atlético Osasuna,2001,2006
http://www.wikidata.org/entity/Q294806,César Azpilicueta,http://www.wikidata.org/entity/Q2657829,CA Osasuna B,2006,2007
http://www.wikidata.org/entity/Q294806,César Azpilicueta,http://www.wikidata.org/entity/Q10286,Club Atlético Osasuna,2007,2010
http://www.wikidata.org/entity/Q294806,César Azpilicueta,http://www.wikidata.org/entity/Q132885,Olympique de Marseille,2010,2012
http://www.wikidata.org/entity/Q294806,César Azpilicueta,http://www.wikidata.org/entity/Q9616,Chelsea FC,2012,2023
http://www.wikidata.org/entity/Q294806,César Azpilicueta,http://www.wikidata.org/entity/Q8701,Club Atlético de Madrid,2023,2025
http://www.wikidata.org/entity/Q294806,César Azpilicueta,http://www.wikidata.org/entity/Q10329,Sevilla Fútbol Club,2025,2026
http://www.wikidata.org/entity/Q331938,Daisuke Matsui,http://www.wikidata.org/entity/Q1047535,Kyoto Sanga Football Club,2000,2004
http://www.wikidata.org/entity/Q331938,Daisuke Matsui,http://www.wikidata.org/entity/Q210864,Le Mans Football Club,2004,2008
http://www.wikidata.org/entity/Q331938,Daisuke Matsui,http://www.wikidata.org/entity/Q19521,AS Saint-Étienne,2008,2009
http://www.wikidata.org/entity/Q331938,Daisuke Matsui,http://www.wikidata.org/entity/Q209509,Grenoble Foot 38,2009,2011
http://www.wikidata.org/entity/Q331938,Daisuke Matsui,http://www.wikidata.org/entity/Q329510,Tom Tomsk,2010,2010
http://www.wikidata.org/entity/Q331938,Daisuke Matsui,http://www.wikidata.org/entity/Q503317,Dijon FCO,2011,2012
http://www.wikidata.org/entity/Q331938,Daisuke Matsui,http://www.wikidata.org/entity/Q643434,PFC Slavia Sofia,2012,2013
http://www.wikidata.org/entity/Q331938,Daisuke Matsui,http://www.wikidata.org/entity/Q734785,Lechia Gdańsk,2013,2013
http://www.wikidata.org/entity/Q331938,Daisuke Matsui,http://www.wikidata.org/entity/Q855401,Júbilo Iwata,2014,2017
http://www.wikidata.org/entity/Q331938,Daisuke Matsui,http://www.wikidata.org/entity/Q958856,Odra Opole,2017,2017
http://www.wikidata.org/entity/Q331938,Daisuke Matsui,http://www.wikidata.org/entity/Q1062259,Yokohama Football Club,2018,2020
http://www.wikidata.org/entity/Q331938,Daisuke Matsui,http://www.wikidata.org/entity/Q10751860,Sài Gòn FC,2021,2021
http://www.wikidata.org/entity/Q331938,Daisuke Matsui,http://www.wikidata.org/entity/Q8054646,Yokohama Sports and Culture Club,2022,2023
http://www.wikidata.org/entity/Q172720,Dani Alves,http://www.wikidata.org/entity/Q198032,EC Bahia,2001,2002
http://www.wikidata.org/entity/Q172720,Dani Alves,http://www.wikidata.org/entity/Q10329,Sevilla Fútbol Club,2002,2008
http://www.wikidata.org/entity/Q172720,Dani Alves,http://www.wikidata.org/entity/Q1422,Juventus FC,2016,2017
http://www.wikidata.org/entity/Q172720,Dani Alves,http://www.wikidata.org/entity/Q483020,Paris Saint-Germain FC,2017,2019
http://www.wikidata.org/entity/Q172720,Dani Alves,http://www.wikidata.org/entity/Q38568,São Paulo FC,2019,2021
http://www.wikidata.org/entity/Q172720,Dani Alves,http://www.wikidata.org/entity/Q1143000,Club Universidad Nacional,2022,2023
http://www.wikidata.org/entity/Q127452,Dani Carvajal,http://www.wikidata.org/entity/Q104761,Bayer Leverkusen,2012,2013
http://www.wikidata.org/entity/Q127452,Dani Carvajal,http://www.wikidata.org/entity/Q8682,Real Madrid CF,2013,2026
http://www.wikidata.org/entity/Q222231,Daniel Sturridge,http://www.wikidata.org/entity/Q50602,Manchester City FC,2006,2009
http://www.wikidata.org/entity/Q222231,Daniel Sturridge,http://www.wikidata.org/entity/Q9616,Chelsea FC,2009,2013
http://www.wikidata.org/entity/Q222231,Daniel Sturridge,http://www.wikidata.org/entity/Q19451,Bolton Wanderers FC,2011,2011
http://www.wikidata.org/entity/Q222231,Daniel Sturridge,http://www.wikidata.org/entity/Q1130849,Liverpool FC,2013,2019
http://www.wikidata.org/entity/Q222231,Daniel Sturridge,http://www.wikidata.org/entity/Q18744,West Bromwich Albion,2018,2018
http://www.wikidata.org/entity/Q222231,Daniel Sturridge,http://www.wikidata.org/entity/Q192641,Trabzonspor,2019,2020
http://www.wikidata.org/entity/Q222231,Daniel Sturridge,http://www.wikidata.org/entity/Q852033,Perth Glory FC,2021,2022
http://www.wikidata.org/entity/Q168497,Daniele De Rossi,http://www.wikidata.org/entity/Q2739,AS Rome,2001,2019
http://www.wikidata.org/entity/Q184269,Darijo Srna,http://www.wikidata.org/entity/Q181216,HNK Hajduk Split,1999,2003
http://www.wikidata.org/entity/Q184269,Darijo Srna,http://www.wikidata.org/entity/Q172969,Chakhtar Donetsk,2003,2018
http://www.wikidata.org/entity/Q184269,Darijo Srna,http://www.wikidata.org/entity/Q1900,Cagliari Calcio,2018,2019
http://www.wikidata.org/entity/Q31981,David Alaba,http://www.wikidata.org/entity/Q131209,FK Austria Vienne,2002,2008
http://www.wikidata.org/entity/Q31981,David Alaba,http://www.wikidata.org/entity/Q15789,Bayern Munich,2010,2021
http://www.wikidata.org/entity/Q31981,David Alaba,http://www.wikidata.org/entity/Q22707,TSG 1899 Hoffenheim,2011,2011
http://www.wikidata.org/entity/Q31981,David Alaba,http://www.wikidata.org/entity/Q8682,Real Madrid CF,2021,2026
http://www.wikidata.org/entity/Q10520,David Beckham,http://www.wikidata.org/entity/Q18656,Manchester United FC,1992,2003
http://www.wikidata.org/entity/Q10520,David Beckham,http://www.wikidata.org/entity/Q19612,Preston North End FC,1994,1995
http://www.wikidata.org/entity/Q10520,David Beckham,http://www.wikidata.org/entity/Q8682,Real Madrid CF,2003,2007
http://www.wikidata.org/entity/Q10520,David Beckham,http://www.wikidata.org/entity/Q204357,Galaxy de Los Angeles,2007,2012
http://www.wikidata.org/entity/Q10520,David Beckham,http://www.wikidata.org/entity/Q1543,AC Milan,2009,2009
http://www.wikidata.org/entity/Q10520,David Beckham,http://www.wikidata.org/entity/Q1543,AC Milan,2010,2010
http://www.wikidata.org/entity/Q10520,David Beckham,http://www.wikidata.org/entity/Q483020,Paris Saint-Germain FC,2013,2013
http://www.wikidata.org/entity/Q297252,David Moyes,http://www.wikidata.org/entity/Q19593,Celtic FC,1980,1983
http://www.wikidata.org/entity/Q297252,David Moyes,http://www.wikidata.org/entity/Q18509,Cambridge United FC,1983,1985
http://www.wikidata.org/entity/Q297252,David Moyes,http://www.wikidata.org/entity/Q19456,Bristol City Football Club,1985,1987
http://www.wikidata.org/entity/Q297252,David Moyes,http://www.wikidata.org/entity/Q19626,Shrewsbury Town Football Club,1987,1990
http://www.wikidata.org/entity/Q297252,David Moyes,http://www.wikidata.org/entity/Q390256,Dunfermline Athletic Football Club,1990,1993
http://www.wikidata.org/entity/Q297252,David Moyes,http://www.wikidata.org/entity/Q19612,Preston North End FC,1993,1998
http://www.wikidata.org/entity/Q297252,David Moyes,http://www.wikidata.org/entity/Q498473,Hamilton Academical FC,1993,1993
http://www.wikidata.org/entity/Q161069,David Silva,http://www.wikidata.org/entity/Q918044,Valencia CF Mestalla,2003,2004
http://www.wikidata.org/entity/Q161069,David Silva,http://www.wikidata.org/entity/Q770740,SD Eibar,2004,2005
http://www.wikidata.org/entity/Q161069,David Silva,http://www.wikidata.org/entity/Q10333,Valence CF,2004,2010
http://www.wikidata.org/entity/Q161069,David Silva,http://www.wikidata.org/entity/Q8749,Celta de Vigo,2005,2006
http://www.wikidata.org/entity/Q161069,David Silva,http://www.wikidata.org/entity/Q50602,Manchester City FC,2010,2020
http://www.wikidata.org/entity/Q161069,David Silva,http://www.wikidata.org/entity/Q10315,Real Sociedad,2020,2023
http://www.wikidata.org/entity/Q183967,David Trezeguet,http://www.wikidata.org/entity/Q180305,AS Monaco FC,1995,2000
http://www.wikidata.org/entity/Q183967,David Trezeguet,http://www.wikidata.org/entity/Q1422,Juventus FC,2000,2010
http://www.wikidata.org/entity/Q183967,David Trezeguet,http://www.wikidata.org/entity/Q11963,Hércules Alicante,2010,2011
http://www.wikidata.org/entity/Q183967,David Trezeguet,http://www.wikidata.org/entity/Q1344302,Baniyas SC,2011,2011
http://www.wikidata.org/entity/Q183967,David Trezeguet,http://www.wikidata.org/entity/Q15799,Club Atlético River Plate,2012,2014
http://www.wikidata.org/entity/Q183967,David Trezeguet,http://www.wikidata.org/entity/Q221882,Newell's Old Boys,2013,2014
http://www.wikidata.org/entity/Q183967,David Trezeguet,http://www.wikidata.org/entity/Q16967914,FC Pune City,2014,2014
http://www.wikidata.org/entity/Q83006,David Villa,http://www.wikidata.org/entity/Q2982210,Sporting Gijón B,2000,2001
http://www.wikidata.org/entity/Q83006,David Villa,http://www.wikidata.org/entity/Q12278,Sporting Gijón,2001,2003
http://www.wikidata.org/entity/Q83006,David Villa,http://www.wikidata.org/entity/Q10308,Real Saragosse,2003,2005
http://www.wikidata.org/entity/Q83006,David Villa,http://www.wikidata.org/entity/Q10333,Valence CF,2005,2010
http://www.wikidata.org/entity/Q83006,David Villa,http://www.wikidata.org/entity/Q8701,Club Atlético de Madrid,2013,2014
http://www.wikidata.org/entity/Q83006,David Villa,http://www.wikidata.org/entity/Q13361030,New York City FC,2014,2018
http://www.wikidata.org/entity/Q83006,David Villa,http://www.wikidata.org/entity/Q748725,Melbourne City FC,2014,2014
http://www.wikidata.org/entity/Q83006,David Villa,http://www.wikidata.org/entity/Q844271,Vissel Kobe,2019,2020
http://www.wikidata.org/entity/Q189217,Davor Šuker,http://www.wikidata.org/entity/Q738876,NK Osijek,1984,1989
http://www.wikidata.org/entity/Q189217,Davor Šuker,http://www.wikidata.org/entity/Q172803,Dinamo Zagreb,1989,1991
http://www.wikidata.org/entity/Q189217,Davor Šuker,http://www.wikidata.org/entity/Q10329,Sevilla Fútbol Club,1991,1996
http://www.wikidata.org/entity/Q189217,Davor Šuker,http://www.wikidata.org/entity/Q8682,Real Madrid CF,1996,1999
http://www.wikidata.org/entity/Q189217,Davor Šuker,http://www.wikidata.org/entity/Q9617,Arsenal FC,1999,2000
http://www.wikidata.org/entity/Q189217,Davor Šuker,http://www.wikidata.org/entity/Q18747,West Ham United FC,2000,2001
http://www.wikidata.org/entity/Q189217,Davor Šuker,http://www.wikidata.org/entity/Q131603,TSV Munich 1860,2001,2003
http://www.wikidata.org/entity/Q30007142,Declan Rice,http://www.wikidata.org/entity/Q18747,West Ham United FC,2015,2023
http://www.wikidata.org/entity/Q30007142,Declan Rice,http://www.wikidata.org/entity/Q9617,Arsenal FC,2023,
http://www.wikidata.org/entity/Q659634,Deco,http://www.wikidata.org/entity/Q660764,Clube Atlético Juventus,,
http://www.wikidata.org/entity/Q659634,Deco,http://www.wikidata.org/entity/Q1133475,Guarani Futebol Clube,,
http://www.wikidata.org/entity/Q659634,Deco,http://www.wikidata.org/entity/Q6957264,Nacional Atlético Clube,1995,1996
http://www.wikidata.org/entity/Q659634,Deco,http://www.wikidata.org/entity/Q35933,Corinthians Paulista,1996,1997
http://www.wikidata.org/entity/Q659634,Deco,http://www.wikidata.org/entity/Q928885,Centro Sportivo Alagoano,1997,1997
http://www.wikidata.org/entity/Q659634,Deco,http://www.wikidata.org/entity/Q131499,SL Benfica,1997,1998
http://www.wikidata.org/entity/Q659634,Deco,http://www.wikidata.org/entity/Q1386850,FC Alverca,1997,1998
http://www.wikidata.org/entity/Q659634,Deco,http://www.wikidata.org/entity/Q1754163,Sport Clube Salgueiros 08,1998,1999
http://www.wikidata.org/entity/Q659634,Deco,http://www.wikidata.org/entity/Q128446,Futebol Clube do Porto,1999,2004
http://www.wikidata.org/entity/Q659634,Deco,http://www.wikidata.org/entity/Q9616,Chelsea FC,2008,2010
http://www.wikidata.org/entity/Q659634,Deco,http://www.wikidata.org/entity/Q80987,Fluminense FC,2010,2013
http://www.wikidata.org/entity/Q10553748,Dele Alli,http://www.wikidata.org/entity/Q248188,Milton Keynes Dons Football Club,2011,2015
http://www.wikidata.org/entity/Q10553748,Dele Alli,http://www.wikidata.org/entity/Q18741,Tottenham Hotspur,2015,2022
http://www.wikidata.org/entity/Q10553748,Dele Alli,http://www.wikidata.org/entity/Q248188,Milton Keynes Dons Football Club,2015,2015
http://www.wikidata.org/entity/Q10553748,Dele Alli,http://www.wikidata.org/entity/Q172567,Beşiktaş JK,2022,2023
http://www.wikidata.org/entity/Q10553748,Dele Alli,http://www.wikidata.org/entity/Q5794,Everton FC,2022,2024
http://www.wikidata.org/entity/Q10553748,Dele Alli,http://www.wikidata.org/entity/Q1120838,Côme 1907,2025,2025
http://www.wikidata.org/entity/Q185389,Dennis Bergkamp,http://www.wikidata.org/entity/Q81888,Ajax Amsterdam,1986,1993
http://www.wikidata.org/entity/Q185389,Dennis Bergkamp,http://www.wikidata.org/entity/Q631,FC Internazionale Milano,1993,1995
http://www.wikidata.org/entity/Q185389,Dennis Bergkamp,http://www.wikidata.org/entity/Q9617,Arsenal FC,1995,2006
http://www.wikidata.org/entity/Q508711,Didier Deschamps,http://www.wikidata.org/entity/Q192071,Football Club de Nantes,1985,1989
http://www.wikidata.org/entity/Q508711,Didier Deschamps,http://www.wikidata.org/entity/Q132885,Olympique de Marseille,1989,1994
http://www.wikidata.org/entity/Q508711,Didier Deschamps,http://www.wikidata.org/entity/Q172476,Girondins de Bordeaux,1990,1991
http://www.wikidata.org/entity/Q508711,Didier Deschamps,http://www.wikidata.org/entity/Q1422,Juventus FC,1994,1999
http://www.wikidata.org/entity/Q508711,Didier Deschamps,http://www.wikidata.org/entity/Q9616,Chelsea FC,1999,2000
http://www.wikidata.org/entity/Q508711,Didier Deschamps,http://www.wikidata.org/entity/Q10333,Valence CF,2000,2001
http://www.wikidata.org/entity/Q48892,Didier Drogba,http://www.wikidata.org/entity/Q210864,Le Mans Football Club,1998,2002
http://www.wikidata.org/entity/Q48892,Didier Drogba,http://www.wikidata.org/entity/Q459148,En avant Guingamp,2002,2003
http://www.wikidata.org/entity/Q48892,Didier Drogba,http://www.wikidata.org/entity/Q132885,Olympique de Marseille,2003,2004
http://www.wikidata.org/entity/Q48892,Didier Drogba,http://www.wikidata.org/entity/Q9616,Chelsea FC,2004,2012
http://www.wikidata.org/entity/Q48892,Didier Drogba,http://www.wikidata.org/entity/Q725367,Shanghai Shenhua FC,2012,2013
http://www.wikidata.org/entity/Q48892,Didier Drogba,http://www.wikidata.org/entity/Q495299,Galatasaray SK,2013,2014
http://www.wikidata.org/entity/Q48892,Didier Drogba,http://www.wikidata.org/entity/Q9616,Chelsea FC,2014,2015
http://www.wikidata.org/entity/Q48892,Didier Drogba,http://www.wikidata.org/entity/Q167615,CF Montréal,2015,2016
http://www.wikidata.org/entity/Q48892,Didier Drogba,http://www.wikidata.org/entity/Q111516,Rising de Phoenix,2017,2018
http://www.wikidata.org/entity/Q459707,Diego Costa,http://www.wikidata.org/entity/Q1387471,Futebol Clube de Penafiel,2006,2006
http://www.wikidata.org/entity/Q459707,Diego Costa,http://www.wikidata.org/entity/Q75684,Sporting Clube de Braga,2006,2006
http://www.wikidata.org/entity/Q459707,Diego Costa,http://www.wikidata.org/entity/Q8701,Club Atlético de Madrid,2007,2009
http://www.wikidata.org/entity/Q459707,Diego Costa,http://www.wikidata.org/entity/Q8749,Celta de Vigo,2007,2008
http://www.wikidata.org/entity/Q459707,Diego Costa,http://www.wikidata.org/entity/Q75684,Sporting Clube de Braga,2007,2007
http://www.wikidata.org/entity/Q459707,Diego Costa,http://www.wikidata.org/entity/Q576285,Albacete Balompié,2008,2009
http://www.wikidata.org/entity/Q459707,Diego Costa,http://www.wikidata.org/entity/Q10319,Real Valladolid,2009,2010
http://www.wikidata.org/entity/Q459707,Diego Costa,http://www.wikidata.org/entity/Q8701,Club Atlético de Madrid,2010,2014
http://www.wikidata.org/entity/Q459707,Diego Costa,http://www.wikidata.org/entity/Q10300,Rayo Vallecano,2012,2012
http://www.wikidata.org/entity/Q459707,Diego Costa,http://www.wikidata.org/entity/Q9616,Chelsea FC,2014,2017
http://www.wikidata.org/entity/Q459707,Diego Costa,http://www.wikidata.org/entity/Q8701,Club Atlético de Madrid,2017,2020
http://www.wikidata.org/entity/Q459707,Diego Costa,http://www.wikidata.org/entity/Q270995,Atlético Mineiro,2021,2021
http://www.wikidata.org/entity/Q459707,Diego Costa,http://www.wikidata.org/entity/Q19500,Wolverhampton Wanderers F.C.,2022,2023
http://www.wikidata.org/entity/Q459707,Diego Costa,http://www.wikidata.org/entity/Q80958,Botafogo FR,2023,2024
http://www.wikidata.org/entity/Q459707,Diego Costa,http://www.wikidata.org/entity/Q221695,Gremio Foot-Ball Porto Alegrense,2024,2024
http://www.wikidata.org/entity/Q261534,Diego Forlán,http://www.wikidata.org/entity/Q214978,CA Independiente,1997,2002
http://www.wikidata.org/entity/Q261534,Diego Forlán,http://www.wikidata.org/entity/Q18656,Manchester United FC,2002,2004
http://www.wikidata.org/entity/Q261534,Diego Forlán,http://www.wikidata.org/entity/Q12297,Villarreal Club de Fútbol,2004,2007
http://www.wikidata.org/entity/Q261534,Diego Forlán,http://www.wikidata.org/entity/Q8701,Club Atlético de Madrid,2007,2011
http://www.wikidata.org/entity/Q261534,Diego Forlán,http://www.wikidata.org/entity/Q631,FC Internazionale Milano,2011,2012
http://www.wikidata.org/entity/Q261534,Diego Forlán,http://www.wikidata.org/entity/Q80845,SC Internacional,2012,2014
http://www.wikidata.org/entity/Q261534,Diego Forlán,http://www.wikidata.org/entity/Q855809,Cerezo Osaka,2014,2015
http://www.wikidata.org/entity/Q261534,Diego Forlán,http://www.wikidata.org/entity/Q16320,Club Atlético Peñarol,2015,2016
http://www.wikidata.org/entity/Q261534,Diego Forlán,http://www.wikidata.org/entity/Q16845355,Mumbai City Football Club,2016,2016
http://www.wikidata.org/entity/Q261534,Diego Forlán,http://www.wikidata.org/entity/Q141045,Kitchee SC,2018,2018
http://www.wikidata.org/entity/Q214903,Diego Godín,http://www.wikidata.org/entity/Q719344,CA Cerro,2003,2006
http://www.wikidata.org/entity/Q214903,Diego Godín,http://www.wikidata.org/entity/Q499616,Club Nacional,2006,2007
http://www.wikidata.org/entity/Q214903,Diego Godín,http://www.wikidata.org/entity/Q12297,Villarreal Club de Fútbol,2007,2010
http://www.wikidata.org/entity/Q214903,Diego Godín,http://www.wikidata.org/entity/Q8701,Club Atlético de Madrid,2010,2019
http://www.wikidata.org/entity/Q214903,Diego Godín,http://www.wikidata.org/entity/Q631,FC Internazionale Milano,2019,2020
http://www.wikidata.org/entity/Q214903,Diego Godín,http://www.wikidata.org/entity/Q1900,Cagliari Calcio,2020,2022
http://www.wikidata.org/entity/Q214903,Diego Godín,http://www.wikidata.org/entity/Q215163,CA Vélez Sarsfield,2022,2023
http://www.wikidata.org/entity/Q214903,Diego Godín,http://www.wikidata.org/entity/Q270995,Atlético Mineiro,2022,2022
http://www.wikidata.org/entity/Q214903,Diego Godín,http://www.wikidata.org/entity/Q8343694,"""Centro Recreativo Porongos Fútbol Club",2024,2024
http://www.wikidata.org/entity/Q17515,Diego Maradona,http://www.wikidata.org/entity/Q220621,Argentinos Juniors,1976,1981
http://www.wikidata.org/entity/Q17515,Diego Maradona,http://www.wikidata.org/entity/Q2641,Società Sportiva Calcio Napoli,1984,1991
http://www.wikidata.org/entity/Q17515,Diego Maradona,http://www.wikidata.org/entity/Q10329,Sevilla Fútbol Club,1992,1993
http://www.wikidata.org/entity/Q17515,Diego Maradona,http://www.wikidata.org/entity/Q221882,Newell's Old Boys,1993,1994
http://www.wikidata.org/entity/Q76089,Diego Milito,http://www.wikidata.org/entity/Q276533,Racing Club de Avellaneda,1999,2003
http://www.wikidata.org/entity/Q76089,Diego Milito,http://www.wikidata.org/entity/Q2074,Genoa CFC,2003,2005
http://www.wikidata.org/entity/Q76089,Diego Milito,http://www.wikidata.org/entity/Q10308,Real Saragosse,2005,2008
http://www.wikidata.org/entity/Q76089,Diego Milito,http://www.wikidata.org/entity/Q2074,Genoa CFC,2008,2009
http://www.wikidata.org/entity/Q76089,Diego Milito,http://www.wikidata.org/entity/Q631,FC Internazionale Milano,2009,2014
http://www.wikidata.org/entity/Q76089,Diego Milito,http://www.wikidata.org/entity/Q276533,Racing Club de Avellaneda,2014,2016
http://www.wikidata.org/entity/Q258115,Diego Simeone,http://www.wikidata.org/entity/Q215163,CA Vélez Sarsfield,1987,1990
http://www.wikidata.org/entity/Q258115,Diego Simeone,http://www.wikidata.org/entity/Q289613,Pisa SC,1990,1992
http://www.wikidata.org/entity/Q258115,Diego Simeone,http://www.wikidata.org/entity/Q10329,Sevilla Fútbol Club,1992,1994
http://www.wikidata.org/entity/Q258115,Diego Simeone,http://www.wikidata.org/entity/Q8701,Club Atlético de Madrid,1994,1997
http://www.wikidata.org/entity/Q258115,Diego Simeone,http://www.wikidata.org/entity/Q631,FC Internazionale Milano,1997,1999
http://www.wikidata.org/entity/Q258115,Diego Simeone,http://www.wikidata.org/entity/Q2609,Società Sportiva Lazio,1999,2003
http://www.wikidata.org/entity/Q258115,Diego Simeone,http://www.wikidata.org/entity/Q8701,Club Atlético de Madrid,2003,2005
http://www.wikidata.org/entity/Q258115,Diego Simeone,http://www.wikidata.org/entity/Q276533,Racing Club de Avellaneda,2005,2006
http://www.wikidata.org/entity/Q170235,Dimitar Berbatov,http://www.wikidata.org/entity/Q136433,PFC CSKA Sofia,1998,2001
http://www.wikidata.org/entity/Q170235,Dimitar Berbatov,http://www.wikidata.org/entity/Q1515410,PFC Pirin Blagoevgrad,1998,1998
http://www.wikidata.org/entity/Q170235,Dimitar Berbatov,http://www.wikidata.org/entity/Q104761,Bayer Leverkusen,2001,2006
http://www.wikidata.org/entity/Q170235,Dimitar Berbatov,http://www.wikidata.org/entity/Q16536906,Bayer 04 Leverkusen II,2001,2001
http://www.wikidata.org/entity/Q170235,Dimitar Berbatov,http://www.wikidata.org/entity/Q18741,Tottenham Hotspur,2006,2008
http://www.wikidata.org/entity/Q170235,Dimitar Berbatov,http://www.wikidata.org/entity/Q18656,Manchester United FC,2008,2012
http://www.wikidata.org/entity/Q170235,Dimitar Berbatov,http://www.wikidata.org/entity/Q18708,Fulham FC,2012,2014
http://www.wikidata.org/entity/Q170235,Dimitar Berbatov,http://www.wikidata.org/entity/Q180305,AS Monaco FC,2014,2015
http://www.wikidata.org/entity/Q170235,Dimitar Berbatov,http://www.wikidata.org/entity/Q16842784,Kerala Blasters,2017,2018
http://www.wikidata.org/entity/Q376247,Dimitri Payet,http://www.wikidata.org/entity/Q60785879,Association sportive Excelsior,2004,2005
http://www.wikidata.org/entity/Q376247,Dimitri Payet,http://www.wikidata.org/entity/Q192071,Football Club de Nantes,2005,2007
http://www.wikidata.org/entity/Q376247,Dimitri Payet,http://www.wikidata.org/entity/Q19521,AS Saint-Étienne,2007,2011
http://www.wikidata.org/entity/Q376247,Dimitri Payet,http://www.wikidata.org/entity/Q19516,Lille OSC,2011,2013
http://www.wikidata.org/entity/Q376247,Dimitri Payet,http://www.wikidata.org/entity/Q132885,Olympique de Marseille,2013,2015
http://www.wikidata.org/entity/Q376247,Dimitri Payet,http://www.wikidata.org/entity/Q18747,West Ham United FC,2015,2017
http://www.wikidata.org/entity/Q376247,Dimitri Payet,http://www.wikidata.org/entity/Q132885,Olympique de Marseille,2017,2023
http://www.wikidata.org/entity/Q376247,Dimitri Payet,http://www.wikidata.org/entity/Q5014111,CR Vasco da Gama,2023,2025
http://www.wikidata.org/entity/Q180661,Dino Zoff,http://www.wikidata.org/entity/Q2798,Udinese Calcio,1961,1963
http://www.wikidata.org/entity/Q180661,Dino Zoff,http://www.wikidata.org/entity/Q430993,Mantova 1911,1963,1967
http://www.wikidata.org/entity/Q180661,Dino Zoff,http://www.wikidata.org/entity/Q2641,Società Sportiva Calcio Napoli,1967,1972
http://www.wikidata.org/entity/Q180661,Dino Zoff,http://www.wikidata.org/entity/Q1422,Juventus FC,1972,1983
http://www.wikidata.org/entity/Q19518278,Diogo Jota,http://www.wikidata.org/entity/Q371136,Futebol Clube Paços de Ferreira,2014,2016
http://www.wikidata.org/entity/Q19518278,Diogo Jota,http://www.wikidata.org/entity/Q128446,Futebol Clube do Porto,2016,2017
http://www.wikidata.org/entity/Q19518278,Diogo Jota,http://www.wikidata.org/entity/Q8701,Club Atlético de Madrid,2016,2018
http://www.wikidata.org/entity/Q19518278,Diogo Jota,http://www.wikidata.org/entity/Q19500,Wolverhampton Wanderers F.C.,2018,2020
http://www.wikidata.org/entity/Q19518278,Diogo Jota,http://www.wikidata.org/entity/Q1130849,Liverpool FC,2020,2025
http://www.wikidata.org/entity/Q294214,Dirk Kuyt,http://www.wikidata.org/entity/Q24680,FC Utrecht,1998,2003
http://www.wikidata.org/entity/Q294214,Dirk Kuyt,http://www.wikidata.org/entity/Q134241,Feyenoord Rotterdam,2003,2006
http://www.wikidata.org/entity/Q294214,Dirk Kuyt,http://www.wikidata.org/entity/Q1130849,Liverpool FC,2006,2012
http://www.wikidata.org/entity/Q294214,Dirk Kuyt,http://www.wikidata.org/entity/Q6601875,Fenerbahçe Istanbul,2012,2015
http://www.wikidata.org/entity/Q294214,Dirk Kuyt,http://www.wikidata.org/entity/Q134241,Feyenoord Rotterdam,2015,2017
http://www.wikidata.org/entity/Q294214,Dirk Kuyt,http://www.wikidata.org/entity/Q2108810,Quick Boys,2018,2018
http://www.wikidata.org/entity/Q294214,Dirk Kuyt,http://www.wikidata.org/entity/Q2108810,Quick Boys,2018,2018
http://www.wikidata.org/entity/Q4254043,Divock Origi,http://www.wikidata.org/entity/Q2694024,KRC Harelbeke,1999,2001
http://www.wikidata.org/entity/Q4254043,Divock Origi,http://www.wikidata.org/entity/Q216032,KRC Genk,2001,2010
http://www.wikidata.org/entity/Q4254043,Divock Origi,http://www.wikidata.org/entity/Q19516,Lille OSC,2010,2012
http://www.wikidata.org/entity/Q4254043,Divock Origi,http://www.wikidata.org/entity/Q19516,Lille OSC,2012,2014
http://www.wikidata.org/entity/Q4254043,Divock Origi,http://www.wikidata.org/entity/Q16591640,Lille OSC B,2012,2013
http://www.wikidata.org/entity/Q4254043,Divock Origi,http://www.wikidata.org/entity/Q1130849,Liverpool FC,2014,2022
http://www.wikidata.org/entity/Q4254043,Divock Origi,http://www.wikidata.org/entity/Q19516,Lille OSC,2014,2015
http://www.wikidata.org/entity/Q4254043,Divock Origi,http://www.wikidata.org/entity/Q101859,VfL Wolfsburg,2017,2018
http://www.wikidata.org/entity/Q4254043,Divock Origi,http://www.wikidata.org/entity/Q1543,AC Milan,2022,2025
http://www.wikidata.org/entity/Q4254043,Divock Origi,http://www.wikidata.org/entity/Q19490,Nottingham Forest FC,2023,2024
http://www.wikidata.org/entity/Q257548,Dragan Stojković,http://www.wikidata.org/entity/Q1137993,FK Radnički Niš,1981,1986
http://www.wikidata.org/entity/Q257548,Dragan Stojković,http://www.wikidata.org/entity/Q173009,Étoile rouge Belgrade,1986,1990
http://www.wikidata.org/entity/Q257548,Dragan Stojković,http://www.wikidata.org/entity/Q132885,Olympique de Marseille,1990,1991
http://www.wikidata.org/entity/Q257548,Dragan Stojković,http://www.wikidata.org/entity/Q8639,Hellas Vérone Football Club,1991,1993
http://www.wikidata.org/entity/Q257548,Dragan Stojković,http://www.wikidata.org/entity/Q132885,Olympique de Marseille,1993,1994
http://www.wikidata.org/entity/Q257548,Dragan Stojković,http://www.wikidata.org/entity/Q249662,Nagoya Grampus,1994,2001
http://www.wikidata.org/entity/Q215890,Dunga,http://www.wikidata.org/entity/Q80845,SC Internacional,1980,1984
http://www.wikidata.org/entity/Q215890,Dunga,http://www.wikidata.org/entity/Q35933,Corinthians Paulista,1984,1985
http://www.wikidata.org/entity/Q215890,Dunga,http://www.wikidata.org/entity/Q80955,Santos FC,1985,1987
http://www.wikidata.org/entity/Q215890,Dunga,http://www.wikidata.org/entity/Q289613,Pisa SC,1987,1988
http://www.wikidata.org/entity/Q215890,Dunga,http://www.wikidata.org/entity/Q5014111,CR Vasco da Gama,1987,1987
http://www.wikidata.org/entity/Q215890,Dunga,http://www.wikidata.org/entity/Q2052,ACF Fiorentina,1988,1992
http://www.wikidata.org/entity/Q215890,Dunga,http://www.wikidata.org/entity/Q2710,Delfino Pescara,1992,1993
http://www.wikidata.org/entity/Q215890,Dunga,http://www.wikidata.org/entity/Q4512,VfB Stuttgart,1993,1995
http://www.wikidata.org/entity/Q215890,Dunga,http://www.wikidata.org/entity/Q855401,Júbilo Iwata,1995,1998
http://www.wikidata.org/entity/Q215890,Dunga,http://www.wikidata.org/entity/Q80845,SC Internacional,1999,2000
http://www.wikidata.org/entity/Q214204,Eden Hazard,http://www.wikidata.org/entity/Q19516,Lille OSC,2007,2012
http://www.wikidata.org/entity/Q214204,Eden Hazard,http://www.wikidata.org/entity/Q16591640,Lille OSC B,2007,2008
http://www.wikidata.org/entity/Q214204,Eden Hazard,http://www.wikidata.org/entity/Q9616,Chelsea FC,2012,2019
http://www.wikidata.org/entity/Q214204,Eden Hazard,http://www.wikidata.org/entity/Q8682,Real Madrid CF,2019,2023
http://www.wikidata.org/entity/Q185115,Edgar Davids,http://www.wikidata.org/entity/Q81888,Ajax Amsterdam,1991,1996
http://www.wikidata.org/entity/Q185115,Edgar Davids,http://www.wikidata.org/entity/Q1543,AC Milan,1996,1997
http://www.wikidata.org/entity/Q185115,Edgar Davids,http://www.wikidata.org/entity/Q1422,Juventus FC,1997,2004
http://www.wikidata.org/entity/Q185115,Edgar Davids,http://www.wikidata.org/entity/Q631,FC Internazionale Milano,2004,2005
http://www.wikidata.org/entity/Q185115,Edgar Davids,http://www.wikidata.org/entity/Q18741,Tottenham Hotspur,2005,2007
http://www.wikidata.org/entity/Q185115,Edgar Davids,http://www.wikidata.org/entity/Q81888,Ajax Amsterdam,2007,2008
http://www.wikidata.org/entity/Q185115,Edgar Davids,http://www.wikidata.org/entity/Q19467,Crystal Palace FC,2010,2010
http://www.wikidata.org/entity/Q185115,Edgar Davids,http://www.wikidata.org/entity/Q9408,Barnet FC,2012,2014
http://www.wikidata.org/entity/Q167790,Edinson Cavani,http://www.wikidata.org/entity/Q584316,Danubio Fútbol Club,2005,2007
http://www.wikidata.org/entity/Q167790,Edinson Cavani,http://www.wikidata.org/entity/Q2674,Palermo F.C.,2007,2010
http://www.wikidata.org/entity/Q167790,Edinson Cavani,http://www.wikidata.org/entity/Q2641,Società Sportiva Calcio Napoli,2010,2013
http://www.wikidata.org/entity/Q167790,Edinson Cavani,http://www.wikidata.org/entity/Q483020,Paris Saint-Germain FC,2013,2020
http://www.wikidata.org/entity/Q167790,Edinson Cavani,http://www.wikidata.org/entity/Q18656,Manchester United FC,2020,2022
http://www.wikidata.org/entity/Q167790,Edinson Cavani,http://www.wikidata.org/entity/Q10333,Valence CF,2022,2023
http://www.wikidata.org/entity/Q482955,Edwin van der Sar,http://www.wikidata.org/entity/Q1422,Juventus FC,1999,2001
http://www.wikidata.org/entity/Q482955,Edwin van der Sar,http://www.wikidata.org/entity/Q18708,Fulham FC,2001,2005
http://www.wikidata.org/entity/Q482955,Edwin van der Sar,http://www.wikidata.org/entity/Q18656,Manchester United FC,2005,2011
http://www.wikidata.org/entity/Q482955,Edwin van der Sar,http://www.wikidata.org/entity/Q7907662,VV Noordwijk,2016,2016
http://www.wikidata.org/entity/Q482955,Edwin van der Sar,http://www.wikidata.org/entity/Q7907662,VV Noordwijk,2016,2016
http://www.wikidata.org/entity/Q310610,Eiji Kawashima,http://www.wikidata.org/entity/Q385496,Omiya Ardija,2001,2003
http://www.wikidata.org/entity/Q310610,Eiji Kawashima,http://www.wikidata.org/entity/Q249662,Nagoya Grampus,2004,2006
http://www.wikidata.org/entity/Q310610,Eiji Kawashima,http://www.wikidata.org/entity/Q874016,Kawasaki Frontale,2007,2010
http://www.wikidata.org/entity/Q310610,Eiji Kawashima,http://www.wikidata.org/entity/Q725018,Lierse SK,2010,2012
http://www.wikidata.org/entity/Q310610,Eiji Kawashima,http://www.wikidata.org/entity/Q190561,Standard de Liège,2012,2015
http://www.wikidata.org/entity/Q310610,Eiji Kawashima,http://www.wikidata.org/entity/Q192873,Dundee United FC,2015,2016
http://www.wikidata.org/entity/Q310610,Eiji Kawashima,http://www.wikidata.org/entity/Q221525,FC Metz,2016,2018
http://www.wikidata.org/entity/Q310610,Eiji Kawashima,http://www.wikidata.org/entity/Q126334,RC Strasbourg Alsace,2018,2023
http://www.wikidata.org/entity/Q386876,Emmanuel Adebayor,http://www.wikidata.org/entity/Q221525,FC Metz,2001,2003
http://www.wikidata.org/entity/Q386876,Emmanuel Adebayor,http://www.wikidata.org/entity/Q180305,AS Monaco FC,2003,2006
http://www.wikidata.org/entity/Q386876,Emmanuel Adebayor,http://www.wikidata.org/entity/Q9617,Arsenal FC,2006,2009
http://www.wikidata.org/entity/Q386876,Emmanuel Adebayor,http://www.wikidata.org/entity/Q50602,Manchester City FC,2009,2012
http://www.wikidata.org/entity/Q386876,Emmanuel Adebayor,http://www.wikidata.org/entity/Q8682,Real Madrid CF,2010,2011
http://www.wikidata.org/entity/Q386876,Emmanuel Adebayor,http://www.wikidata.org/entity/Q18741,Tottenham Hotspur,2011,2012
http://www.wikidata.org/entity/Q386876,Emmanuel Adebayor,http://www.wikidata.org/entity/Q18741,Tottenham Hotspur,2012,2015
http://www.wikidata.org/entity/Q386876,Emmanuel Adebayor,http://www.wikidata.org/entity/Q19467,Crystal Palace FC,2016,2016
http://www.wikidata.org/entity/Q386876,Emmanuel Adebayor,http://www.wikidata.org/entity/Q857938,İstanbul BB,2017,2019
http://www.wikidata.org/entity/Q386876,Emmanuel Adebayor,http://www.wikidata.org/entity/Q608122,Kayserispor,2019,2019
http://www.wikidata.org/entity/Q386876,Emmanuel Adebayor,http://www.wikidata.org/entity/Q604589,Club Olimpia,2020,2020
http://www.wikidata.org/entity/Q386876,Emmanuel Adebayor,http://www.wikidata.org/entity/Q2819082,AC Semassi,2021,2023
http://www.wikidata.org/entity/Q162043,Eusébio,http://www.wikidata.org/entity/Q1023202,Clube de Desportos Maxaquene,1957,1960
http://www.wikidata.org/entity/Q162043,Eusébio,http://www.wikidata.org/entity/Q131499,SL Benfica,1960,1975
http://www.wikidata.org/entity/Q162043,Eusébio,http://www.wikidata.org/entity/Q13404889,Toronto Blizzard,1975,1976
http://www.wikidata.org/entity/Q162043,Eusébio,http://www.wikidata.org/entity/Q1133701,Minutemen de Boston,1975,1975
http://www.wikidata.org/entity/Q162043,Eusébio,http://www.wikidata.org/entity/Q768253,CF Monterrey,1975,1975
http://www.wikidata.org/entity/Q162043,Eusébio,http://www.wikidata.org/entity/Q688300,Sport Clube Beira-Mar,1976,1976
http://www.wikidata.org/entity/Q162043,Eusébio,http://www.wikidata.org/entity/Q6492623,Las Vegas Quicksilvers,1976,1977
http://www.wikidata.org/entity/Q162043,Eusébio,http://www.wikidata.org/entity/Q4475719,União Futebol Comércio e Indústria de Tomar,1977,1978
http://www.wikidata.org/entity/Q162043,Eusébio,http://www.wikidata.org/entity/Q7009120,Americans du New Jersey,1978,1979
http://www.wikidata.org/entity/Q191139,Fabien Barthez,http://www.wikidata.org/entity/Q19518,Toulouse FC,1990,1992
http://www.wikidata.org/entity/Q191139,Fabien Barthez,http://www.wikidata.org/entity/Q132885,Olympique de Marseille,1992,1995
http://www.wikidata.org/entity/Q191139,Fabien Barthez,http://www.wikidata.org/entity/Q180305,AS Monaco FC,1995,2000
http://www.wikidata.org/entity/Q191139,Fabien Barthez,http://www.wikidata.org/entity/Q18656,Manchester United FC,2000,2004
http://www.wikidata.org/entity/Q191139,Fabien Barthez,http://www.wikidata.org/entity/Q132885,Olympique de Marseille,2003,2004
http://www.wikidata.org/entity/Q191139,Fabien Barthez,http://www.wikidata.org/entity/Q132885,Olympique de Marseille,2004,2006
http://www.wikidata.org/entity/Q191139,Fabien Barthez,http://www.wikidata.org/entity/Q192071,Football Club de Nantes,2006,2007
http://www.wikidata.org/entity/Q102027,Fabio Cannavaro,http://www.wikidata.org/entity/Q2641,Società Sportiva Calcio Napoli,1992,1995
http://www.wikidata.org/entity/Q102027,Fabio Cannavaro,http://www.wikidata.org/entity/Q2693,Parme Calcio 1913,1995,2002
http://www.wikidata.org/entity/Q102027,Fabio Cannavaro,http://www.wikidata.org/entity/Q631,FC Internazionale Milano,2002,2004
http://www.wikidata.org/entity/Q102027,Fabio Cannavaro,http://www.wikidata.org/entity/Q1422,Juventus FC,2004,2006
http://www.wikidata.org/entity/Q102027,Fabio Cannavaro,http://www.wikidata.org/entity/Q8682,Real Madrid CF,2006,2009
http://www.wikidata.org/entity/Q102027,Fabio Cannavaro,http://www.wikidata.org/entity/Q1422,Juventus FC,2009,2010
http://www.wikidata.org/entity/Q102027,Fabio Cannavaro,http://www.wikidata.org/entity/Q424943,Al-Ahli Dubaï,2010,2011
http://www.wikidata.org/entity/Q183108,Fabio Capello,http://www.wikidata.org/entity/Q13385,SPAL Ferrara,1964,1967
http://www.wikidata.org/entity/Q183108,Fabio Capello,http://www.wikidata.org/entity/Q2739,AS Rome,1967,1970
http://www.wikidata.org/entity/Q183108,Fabio Capello,http://www.wikidata.org/entity/Q1422,Juventus FC,1970,1976
http://www.wikidata.org/entity/Q183108,Fabio Capello,http://www.wikidata.org/entity/Q1543,AC Milan,1976,1980
http://www.wikidata.org/entity/Q482931,Ferenc Puskás,http://www.wikidata.org/entity/Q275612,Budapest Honvéd,1943,1956
http://www.wikidata.org/entity/Q482931,Ferenc Puskás,http://www.wikidata.org/entity/Q8682,Real Madrid CF,1958,1966
http://www.wikidata.org/entity/Q187426,Fernando Gago,http://www.wikidata.org/entity/Q8682,Real Madrid CF,2007,2012
http://www.wikidata.org/entity/Q187426,Fernando Gago,http://www.wikidata.org/entity/Q2739,AS Rome,2011,2012
http://www.wikidata.org/entity/Q187426,Fernando Gago,http://www.wikidata.org/entity/Q10333,Valence CF,2012,2013
http://www.wikidata.org/entity/Q187426,Fernando Gago,http://www.wikidata.org/entity/Q215163,CA Vélez Sarsfield,2013,2013
http://www.wikidata.org/entity/Q187426,Fernando Gago,http://www.wikidata.org/entity/Q215163,CA Vélez Sarsfield,2019,2020
http://www.wikidata.org/entity/Q187891,Fernando Llorente,http://www.wikidata.org/entity/Q970474,CA River Ebro,1995,1996
http://www.wikidata.org/entity/Q187891,Fernando Llorente,http://www.wikidata.org/entity/Q8687,Athletic Bilbao,1996,2003
http://www.wikidata.org/entity/Q187891,Fernando Llorente,http://www.wikidata.org/entity/Q727093,Club Deportivo Basconia,2003,2004
http://www.wikidata.org/entity/Q187891,Fernando Llorente,http://www.wikidata.org/entity/Q794970,Athletic Bilbao B,2004,2005
http://www.wikidata.org/entity/Q187891,Fernando Llorente,http://www.wikidata.org/entity/Q8687,Athletic Bilbao,2005,2013
http://www.wikidata.org/entity/Q187891,Fernando Llorente,http://www.wikidata.org/entity/Q1422,Juventus FC,2013,2015
http://www.wikidata.org/entity/Q187891,Fernando Llorente,http://www.wikidata.org/entity/Q10329,Sevilla Fútbol Club,2015,2016
http://www.wikidata.org/entity/Q187891,Fernando Llorente,http://www.wikidata.org/entity/Q18659,Swansea City AFC,2016,2017
http://www.wikidata.org/entity/Q187891,Fernando Llorente,http://www.wikidata.org/entity/Q18741,Tottenham Hotspur,2017,2019
http://www.wikidata.org/entity/Q187891,Fernando Llorente,http://www.wikidata.org/entity/Q2641,Società Sportiva Calcio Napoli,2019,2020
http://www.wikidata.org/entity/Q187891,Fernando Llorente,http://www.wikidata.org/entity/Q2798,Udinese Calcio,2021,2021
http://www.wikidata.org/entity/Q187891,Fernando Llorente,http://www.wikidata.org/entity/Q770740,SD Eibar,2021,2022
http://www.wikidata.org/entity/Q459356,Fernando Luiz Rosa,http://www.wikidata.org/entity/Q506832,Clube Atlético Paranaense,2002,2005
http://www.wikidata.org/entity/Q459356,Fernando Luiz Rosa,http://www.wikidata.org/entity/Q172969,Chakhtar Donetsk,2005,2013
http://www.wikidata.org/entity/Q459356,Fernando Luiz Rosa,http://www.wikidata.org/entity/Q50602,Manchester City FC,2013,2022
http://www.wikidata.org/entity/Q459356,Fernando Luiz Rosa,http://www.wikidata.org/entity/Q506832,Clube Atlético Paranaense,2022,2024
http://www.wikidata.org/entity/Q42731,Fernando Torres,http://www.wikidata.org/entity/Q8701,Club Atlético de Madrid,1995,2001
http://www.wikidata.org/entity/Q42731,Fernando Torres,http://www.wikidata.org/entity/Q8701,Club Atlético de Madrid,2001,2007
http://www.wikidata.org/entity/Q42731,Fernando Torres,http://www.wikidata.org/entity/Q1130849,Liverpool FC,2007,2011
http://www.wikidata.org/entity/Q42731,Fernando Torres,http://www.wikidata.org/entity/Q9616,Chelsea FC,2011,2015
http://www.wikidata.org/entity/Q42731,Fernando Torres,http://www.wikidata.org/entity/Q1543,AC Milan,2014,2015
http://www.wikidata.org/entity/Q42731,Fernando Torres,http://www.wikidata.org/entity/Q1543,AC Milan,2015,2016
http://www.wikidata.org/entity/Q42731,Fernando Torres,http://www.wikidata.org/entity/Q8701,Club Atlético de Madrid,2015,2016
http://www.wikidata.org/entity/Q42731,Fernando Torres,http://www.wikidata.org/entity/Q8701,Club Atlético de Madrid,2016,2018
http://www.wikidata.org/entity/Q42731,Fernando Torres,http://www.wikidata.org/entity/Q1051238,Sagan Tosu,2018,2019
http://www.wikidata.org/entity/Q126503,Filippo Inzaghi,http://www.wikidata.org/entity/Q8476,Reggina 1914,,
http://www.wikidata.org/entity/Q126503,Filippo Inzaghi,http://www.wikidata.org/entity/Q459794,Plaisance Calcio 1919,1991,1995
http://www.wikidata.org/entity/Q126503,Filippo Inzaghi,http://www.wikidata.org/entity/Q3963306,Società Calcio Leffe,1992,1993
http://www.wikidata.org/entity/Q126503,Filippo Inzaghi,http://www.wikidata.org/entity/Q8639,Hellas Vérone Football Club,1993,1994
http://www.wikidata.org/entity/Q126503,Filippo Inzaghi,http://www.wikidata.org/entity/Q2693,Parme Calcio 1913,1995,1996
http://www.wikidata.org/entity/Q126503,Filippo Inzaghi,http://www.wikidata.org/entity/Q1886,Atalanta Bergame,1996,1997
http://www.wikidata.org/entity/Q126503,Filippo Inzaghi,http://www.wikidata.org/entity/Q1422,Juventus FC,1997,2001
http://www.wikidata.org/entity/Q126503,Filippo Inzaghi,http://www.wikidata.org/entity/Q1543,AC Milan,2001,2012
http://www.wikidata.org/entity/Q1913,Florent Malouda,http://www.wikidata.org/entity/Q845067,LB Châteauroux,1997,2000
http://www.wikidata.org/entity/Q1913,Florent Malouda,http://www.wikidata.org/entity/Q459148,En avant Guingamp,2000,2003
http://www.wikidata.org/entity/Q1913,Florent Malouda,http://www.wikidata.org/entity/Q704,Olympique lyonnais,2003,2007
http://www.wikidata.org/entity/Q1913,Florent Malouda,http://www.wikidata.org/entity/Q9616,Chelsea FC,2007,2013
http://www.wikidata.org/entity/Q1913,Florent Malouda,http://www.wikidata.org/entity/Q192641,Trabzonspor,2013,2014
http://www.wikidata.org/entity/Q1913,Florent Malouda,http://www.wikidata.org/entity/Q221525,FC Metz,2014,2015
http://www.wikidata.org/entity/Q1913,Florent Malouda,http://www.wikidata.org/entity/Q16838244,Odisha FC,2015,2017
http://www.wikidata.org/entity/Q1913,Florent Malouda,http://www.wikidata.org/entity/Q1966238,Wadi Degla Sporting Club,2016,2016
http://www.wikidata.org/entity/Q1913,Florent Malouda,http://www.wikidata.org/entity/Q591339,FC Differdange 03,2018,2018
http://www.wikidata.org/entity/Q20110,Francesco Totti,http://www.wikidata.org/entity/Q24938121,Trastevere Calcio,1985,1986
http://www.wikidata.org/entity/Q20110,Francesco Totti,http://www.wikidata.org/entity/Q2739,AS Rome,1993,2017
http://www.wikidata.org/entity/Q1918,Franck Ribéry,http://www.wikidata.org/entity/Q309400,US Boulogne CO,2000,2002
http://www.wikidata.org/entity/Q1918,Franck Ribéry,http://www.wikidata.org/entity/Q1757655,Olympique d'Alès,2002,2003
http://www.wikidata.org/entity/Q1918,Franck Ribéry,http://www.wikidata.org/entity/Q218372,Stade brestois 29,2003,2004
http://www.wikidata.org/entity/Q1918,Franck Ribéry,http://www.wikidata.org/entity/Q221525,FC Metz,2004,2005
http://www.wikidata.org/entity/Q1918,Franck Ribéry,http://www.wikidata.org/entity/Q495299,Galatasaray SK,2005,2005
http://www.wikidata.org/entity/Q1918,Franck Ribéry,http://www.wikidata.org/entity/Q132885,Olympique de Marseille,2005,2007
http://www.wikidata.org/entity/Q1918,Franck Ribéry,http://www.wikidata.org/entity/Q15789,Bayern Munich,2007,2019
http://www.wikidata.org/entity/Q1918,Franck Ribéry,http://www.wikidata.org/entity/Q2052,ACF Fiorentina,2019,2021
http://www.wikidata.org/entity/Q1918,Franck Ribéry,http://www.wikidata.org/entity/Q847587,U.S. Salernitana 1919,2021,2022
http://www.wikidata.org/entity/Q41533,Frank Lampard,http://www.wikidata.org/entity/Q18747,West Ham United FC,1995,2001
http://www.wikidata.org/entity/Q41533,Frank Lampard,http://www.wikidata.org/entity/Q18659,Swansea City AFC,1995,1996
http://www.wikidata.org/entity/Q41533,Frank Lampard,http://www.wikidata.org/entity/Q9616,Chelsea FC,2001,2014
http://www.wikidata.org/entity/Q41533,Frank Lampard,http://www.wikidata.org/entity/Q50602,Manchester City FC,2014,2015
http://www.wikidata.org/entity/Q41533,Frank Lampard,http://www.wikidata.org/entity/Q13361030,New York City FC,2015,2016
http://www.wikidata.org/entity/Q169098,Frank Rijkaard,http://www.wikidata.org/entity/Q81888,Ajax Amsterdam,1980,1987
http://www.wikidata.org/entity/Q169098,Frank Rijkaard,http://www.wikidata.org/entity/Q10308,Real Saragosse,1987,1988
http://www.wikidata.org/entity/Q169098,Frank Rijkaard,http://www.wikidata.org/entity/Q75729,Sporting Clube de Portugal,1987,1988
http://www.wikidata.org/entity/Q169098,Frank Rijkaard,http://www.wikidata.org/entity/Q1543,AC Milan,1988,1993
http://www.wikidata.org/entity/Q169098,Frank Rijkaard,http://www.wikidata.org/entity/Q81888,Ajax Amsterdam,1993,1995
http://www.wikidata.org/entity/Q4457,Franz Beckenbauer,http://www.wikidata.org/entity/Q15789,Bayern Munich,1965,1977
http://www.wikidata.org/entity/Q4457,Franz Beckenbauer,http://www.wikidata.org/entity/Q646135,Cosmos de New York,1977,1980
http://www.wikidata.org/entity/Q4457,Franz Beckenbauer,http://www.wikidata.org/entity/Q51974,Hambourg SV,1980,1982
http://www.wikidata.org/entity/Q4457,Franz Beckenbauer,http://www.wikidata.org/entity/Q646135,Cosmos de New York,1983,1983
http://www.wikidata.org/entity/Q10560,Freddie Ljungberg,http://www.wikidata.org/entity/Q584858,Halmstads BK,1994,1998
http://www.wikidata.org/entity/Q10560,Freddie Ljungberg,http://www.wikidata.org/entity/Q9617,Arsenal FC,1998,2007
http://www.wikidata.org/entity/Q10560,Freddie Ljungberg,http://www.wikidata.org/entity/Q18747,West Ham United FC,2007,2008
http://www.wikidata.org/entity/Q10560,Freddie Ljungberg,http://www.wikidata.org/entity/Q632511,Sounders de Seattle,2009,2010
http://www.wikidata.org/entity/Q10560,Freddie Ljungberg,http://www.wikidata.org/entity/Q308683,Fire de Chicago,2010,2010
http://www.wikidata.org/entity/Q10560,Freddie Ljungberg,http://www.wikidata.org/entity/Q308683,Fire de Chicago,2010,2011
http://www.wikidata.org/entity/Q10560,Freddie Ljungberg,http://www.wikidata.org/entity/Q823384,Shimizu S-Pulse,2011,2012
http://www.wikidata.org/entity/Q10560,Freddie Ljungberg,http://www.wikidata.org/entity/Q19593,Celtic FC,2011,2011
http://www.wikidata.org/entity/Q10560,Freddie Ljungberg,http://www.wikidata.org/entity/Q16845355,Mumbai City Football Club,2014,2014
http://www.wikidata.org/entity/Q312772,Frederico Chaves Guedes,http://www.wikidata.org/entity/Q338285,América Futebol Clube,2003,2004
http://www.wikidata.org/entity/Q312772,Frederico Chaves Guedes,http://www.wikidata.org/entity/Q188277,Cruzeiro EC,2004,2005
http://www.wikidata.org/entity/Q312772,Frederico Chaves Guedes,http://www.wikidata.org/entity/Q704,Olympique lyonnais,2005,2009
http://www.wikidata.org/entity/Q312772,Frederico Chaves Guedes,http://www.wikidata.org/entity/Q80987,Fluminense FC,2009,2016
http://www.wikidata.org/entity/Q312772,Frederico Chaves Guedes,http://www.wikidata.org/entity/Q270995,Atlético Mineiro,2016,2017
http://www.wikidata.org/entity/Q312772,Frederico Chaves Guedes,http://www.wikidata.org/entity/Q188277,Cruzeiro EC,2018,2020
http://www.wikidata.org/entity/Q312772,Frederico Chaves Guedes,http://www.wikidata.org/entity/Q80987,Fluminense FC,2020,2022
http://www.wikidata.org/entity/Q484384,Fábio Coentrão,http://www.wikidata.org/entity/Q622432,Rio Ave FC,2005,2007
http://www.wikidata.org/entity/Q484384,Fábio Coentrão,http://www.wikidata.org/entity/Q131499,SL Benfica,2007,2011
http://www.wikidata.org/entity/Q484384,Fábio Coentrão,http://www.wikidata.org/entity/Q10308,Real Saragosse,2008,2008
http://www.wikidata.org/entity/Q484384,Fábio Coentrão,http://www.wikidata.org/entity/Q216459,Clube Desportivo Nacional,2008,2008
http://www.wikidata.org/entity/Q484384,Fábio Coentrão,http://www.wikidata.org/entity/Q622432,Rio Ave FC,2009,2009
http://www.wikidata.org/entity/Q484384,Fábio Coentrão,http://www.wikidata.org/entity/Q8682,Real Madrid CF,2011,2018
http://www.wikidata.org/entity/Q484384,Fábio Coentrão,http://www.wikidata.org/entity/Q180305,AS Monaco FC,2015,2016
http://www.wikidata.org/entity/Q484384,Fábio Coentrão,http://www.wikidata.org/entity/Q75729,Sporting Clube de Portugal,2017,2018
http://www.wikidata.org/entity/Q484384,Fábio Coentrão,http://www.wikidata.org/entity/Q622432,Rio Ave FC,2018,2019
http://www.wikidata.org/entity/Q484384,Fábio Coentrão,http://www.wikidata.org/entity/Q622432,Rio Ave FC,2020,2021
http://www.wikidata.org/entity/Q170376,Gabriel Batistuta,http://www.wikidata.org/entity/Q221882,Newell's Old Boys,1988,1989
http://www.wikidata.org/entity/Q170376,Gabriel Batistuta,http://www.wikidata.org/entity/Q15799,Club Atlético River Plate,1989,1990
http://www.wikidata.org/entity/Q170376,Gabriel Batistuta,http://www.wikidata.org/entity/Q2052,ACF Fiorentina,1991,2000
http://www.wikidata.org/entity/Q170376,Gabriel Batistuta,http://www.wikidata.org/entity/Q2739,AS Rome,2000,2003
http://www.wikidata.org/entity/Q170376,Gabriel Batistuta,http://www.wikidata.org/entity/Q283760,Al-Arabi SC,2003,2005
http://www.wikidata.org/entity/Q170376,Gabriel Batistuta,http://www.wikidata.org/entity/Q631,FC Internazionale Milano,2003,2003
http://www.wikidata.org/entity/Q2011456,Gaku Shibasaki,http://www.wikidata.org/entity/Q16932,Kashima Antlers,2011,2016
http://www.wikidata.org/entity/Q2011456,Gaku Shibasaki,http://www.wikidata.org/entity/Q216661,Club Deportivo Tenerife,2017,2017
http://www.wikidata.org/entity/Q2011456,Gaku Shibasaki,http://www.wikidata.org/entity/Q8806,Getafe CF,2017,2019
http://www.wikidata.org/entity/Q2011456,Gaku Shibasaki,http://www.wikidata.org/entity/Q8760,Deportivo LC,2019,2020
http://www.wikidata.org/entity/Q2011456,Gaku Shibasaki,http://www.wikidata.org/entity/Q856119,Club Deportivo Leganés,2020,2023
http://www.wikidata.org/entity/Q2011456,Gaku Shibasaki,http://www.wikidata.org/entity/Q16932,Kashima Antlers,2023,
http://www.wikidata.org/entity/Q184586,Gareth Bale,http://www.wikidata.org/entity/Q18732,Southampton FC,2006,2007
http://www.wikidata.org/entity/Q184586,Gareth Bale,http://www.wikidata.org/entity/Q18741,Tottenham Hotspur,2007,2013
http://www.wikidata.org/entity/Q184586,Gareth Bale,http://www.wikidata.org/entity/Q8682,Real Madrid CF,2013,2022
http://www.wikidata.org/entity/Q184586,Gareth Bale,http://www.wikidata.org/entity/Q18741,Tottenham Hotspur,2020,2021
http://www.wikidata.org/entity/Q184586,Gareth Bale,http://www.wikidata.org/entity/Q18380286,Los Angeles Football Club,2022,2022
http://www.wikidata.org/entity/Q191855,Gareth Barry,http://www.wikidata.org/entity/Q18711,Aston Villa FC,1998,2009
http://www.wikidata.org/entity/Q191855,Gareth Barry,http://www.wikidata.org/entity/Q50602,Manchester City FC,2009,2014
http://www.wikidata.org/entity/Q191855,Gareth Barry,http://www.wikidata.org/entity/Q5794,Everton FC,2013,2014
http://www.wikidata.org/entity/Q191855,Gareth Barry,http://www.wikidata.org/entity/Q5794,Everton FC,2014,2017
http://www.wikidata.org/entity/Q191855,Gareth Barry,http://www.wikidata.org/entity/Q18744,West Bromwich Albion,2017,2020
http://www.wikidata.org/entity/Q180642,Garrincha,http://www.wikidata.org/entity/Q80958,Botafogo FR,1953,1965
http://www.wikidata.org/entity/Q180642,Garrincha,http://www.wikidata.org/entity/Q35933,Corinthians Paulista,1966,1966
http://www.wikidata.org/entity/Q180642,Garrincha,http://www.wikidata.org/entity/Q5014111,CR Vasco da Gama,1967,1967
http://www.wikidata.org/entity/Q180642,Garrincha,http://www.wikidata.org/entity/Q2341011,Associação Atlética Portuguesa,1967,1967
http://www.wikidata.org/entity/Q180642,Garrincha,http://www.wikidata.org/entity/Q17479,Clube de Regatas do Flamengo,1968,1969
http://www.wikidata.org/entity/Q180642,Garrincha,http://www.wikidata.org/entity/Q332524,Junior Barranquilla,1968,1968
http://www.wikidata.org/entity/Q180642,Garrincha,http://www.wikidata.org/entity/Q2018179,Olaria Atlético Clube,1972,1972
http://www.wikidata.org/entity/Q223827,Gary Cahill,http://www.wikidata.org/entity/Q18711,Aston Villa FC,2004,2008
http://www.wikidata.org/entity/Q223827,Gary Cahill,http://www.wikidata.org/entity/Q19458,Burnley FC,2004,2005
http://www.wikidata.org/entity/Q223827,Gary Cahill,http://www.wikidata.org/entity/Q19607,Sheffield United FC,2007,2007
http://www.wikidata.org/entity/Q223827,Gary Cahill,http://www.wikidata.org/entity/Q19451,Bolton Wanderers FC,2008,2012
http://www.wikidata.org/entity/Q223827,Gary Cahill,http://www.wikidata.org/entity/Q9616,Chelsea FC,2012,2019
http://www.wikidata.org/entity/Q223827,Gary Cahill,http://www.wikidata.org/entity/Q19467,Crystal Palace FC,2019,2021
http://www.wikidata.org/entity/Q223827,Gary Cahill,http://www.wikidata.org/entity/Q19568,AFC Bournemouth,2021,2022
http://www.wikidata.org/entity/Q47778,Gary Lineker,http://www.wikidata.org/entity/Q19481,Leicester City FC,1976,1978
http://www.wikidata.org/entity/Q47778,Gary Lineker,http://www.wikidata.org/entity/Q19481,Leicester City FC,1978,1985
http://www.wikidata.org/entity/Q47778,Gary Lineker,http://www.wikidata.org/entity/Q5794,Everton FC,1985,1986
http://www.wikidata.org/entity/Q47778,Gary Lineker,http://www.wikidata.org/entity/Q18741,Tottenham Hotspur,1989,1992
http://www.wikidata.org/entity/Q47778,Gary Lineker,http://www.wikidata.org/entity/Q249662,Nagoya Grampus,1993,1994
http://www.wikidata.org/entity/Q348857,Gary Neville,http://www.wikidata.org/entity/Q18656,Manchester United FC,1992,2011
http://www.wikidata.org/entity/Q5530861,Gen Shōji,http://www.wikidata.org/entity/Q1366905,Machida Zelvia,,
http://www.wikidata.org/entity/Q5530861,Gen Shōji,http://www.wikidata.org/entity/Q16932,Kashima Antlers,2011,2018
http://www.wikidata.org/entity/Q5530861,Gen Shōji,http://www.wikidata.org/entity/Q19518,Toulouse FC,2019,2020
http://www.wikidata.org/entity/Q5530861,Gen Shōji,http://www.wikidata.org/entity/Q738423,Gamba Osaka,2020,2022
http://www.wikidata.org/entity/Q5530861,Gen Shōji,http://www.wikidata.org/entity/Q16932,Kashima Antlers,2023,
http://www.wikidata.org/entity/Q982163,Genki Haraguchi,http://www.wikidata.org/entity/Q218883,Urawa Red Diamonds,2008,2014
http://www.wikidata.org/entity/Q982163,Genki Haraguchi,http://www.wikidata.org/entity/Q102720,Hertha BSC,2014,2018
http://www.wikidata.org/entity/Q982163,Genki Haraguchi,http://www.wikidata.org/entity/Q151747,Fortuna Düsseldorf,2018,2018
http://www.wikidata.org/entity/Q982163,Genki Haraguchi,http://www.wikidata.org/entity/Q33748,Hanovre 96,2018,2021
http://www.wikidata.org/entity/Q982163,Genki Haraguchi,http://www.wikidata.org/entity/Q141971,1. FC Union Berlin,2021,2023
http://www.wikidata.org/entity/Q982163,Genki Haraguchi,http://www.wikidata.org/entity/Q4512,VfB Stuttgart,2023,2024
http://www.wikidata.org/entity/Q982163,Genki Haraguchi,http://www.wikidata.org/entity/Q218883,Urawa Red Diamonds,2024,2025
http://www.wikidata.org/entity/Q982163,Genki Haraguchi,http://www.wikidata.org/entity/Q2268833,K Beerschot VA,2025,
http://www.wikidata.org/entity/Q116980,Gennaro Gattuso,http://www.wikidata.org/entity/Q16344,AC Pérouse Calcio,1995,1997
http://www.wikidata.org/entity/Q116980,Gennaro Gattuso,http://www.wikidata.org/entity/Q19597,Rangers FC,1997,1998
http://www.wikidata.org/entity/Q116980,Gennaro Gattuso,http://www.wikidata.org/entity/Q847587,U.S. Salernitana 1919,1998,1999
http://www.wikidata.org/entity/Q116980,Gennaro Gattuso,http://www.wikidata.org/entity/Q1543,AC Milan,1999,2012
http://www.wikidata.org/entity/Q116980,Gennaro Gattuso,http://www.wikidata.org/entity/Q321061,FC Sion,2012,2013
http://www.wikidata.org/entity/Q164521,George Best,http://www.wikidata.org/entity/Q18656,Manchester United FC,1963,1974
http://www.wikidata.org/entity/Q164521,George Best,http://www.wikidata.org/entity/Q5315710,Dunstable Town F.C.,1974,1974
http://www.wikidata.org/entity/Q164521,George Best,http://www.wikidata.org/entity/Q4160534,Jewish Guild,1974,1974
http://www.wikidata.org/entity/Q164521,George Best,http://www.wikidata.org/entity/Q2254157,Cork Celtic F.C.,1975,1976
http://www.wikidata.org/entity/Q164521,George Best,http://www.wikidata.org/entity/Q18526,Stockport County FC,1975,1975
http://www.wikidata.org/entity/Q164521,George Best,http://www.wikidata.org/entity/Q18708,Fulham FC,1976,1977
http://www.wikidata.org/entity/Q164521,George Best,http://www.wikidata.org/entity/Q1156317,Aztecs de Los Angeles,1976,1976
http://www.wikidata.org/entity/Q164521,George Best,http://www.wikidata.org/entity/Q1156317,Aztecs de Los Angeles,1977,1978
http://www.wikidata.org/entity/Q164521,George Best,http://www.wikidata.org/entity/Q6502565,Fort Lauderdale Strikers,1978,1979
http://www.wikidata.org/entity/Q164521,George Best,http://www.wikidata.org/entity/Q192597,Hibernian F.C.,1979,1980
http://www.wikidata.org/entity/Q164521,George Best,http://www.wikidata.org/entity/Q6502565,Fort Lauderdale Strikers,1979,1979
http://www.wikidata.org/entity/Q164521,George Best,http://www.wikidata.org/entity/Q1095113,San Jose Earthquakes,1979,1980
http://www.wikidata.org/entity/Q164521,George Best,http://www.wikidata.org/entity/Q1095113,San Jose Earthquakes,1980,1981
http://www.wikidata.org/entity/Q164521,George Best,http://www.wikidata.org/entity/Q2049635,Biu Chun Rangers Football Club,1982,1982
http://www.wikidata.org/entity/Q164521,George Best,http://www.wikidata.org/entity/Q2164267,Sea Bee,1982,1982
http://www.wikidata.org/entity/Q164521,George Best,http://www.wikidata.org/entity/Q4245563,Queensland Lions FC,1983,1983
http://www.wikidata.org/entity/Q164521,George Best,http://www.wikidata.org/entity/Q18524,Nuneaton Town F.C.,1983,1983
http://www.wikidata.org/entity/Q164521,George Best,http://www.wikidata.org/entity/Q19568,AFC Bournemouth,1983,1983
http://www.wikidata.org/entity/Q164521,George Best,http://www.wikidata.org/entity/Q3997037,Tobermore United F.C.,1984,1984
http://www.wikidata.org/entity/Q173139,George Weah,http://www.wikidata.org/entity/Q123344481,Young Survivors,1981,1984
http://www.wikidata.org/entity/Q173139,George Weah,http://www.wikidata.org/entity/Q123344580,Bong Range United,1984,1985
http://www.wikidata.org/entity/Q173139,George Weah,http://www.wikidata.org/entity/Q2574668,Mighty Barrolle,1985,1986
http://www.wikidata.org/entity/Q173139,George Weah,http://www.wikidata.org/entity/Q2927344,Invincible Eleven,1986,1987
http://www.wikidata.org/entity/Q173139,George Weah,http://www.wikidata.org/entity/Q1324370,Tonnerre Yaoundé,1987,1988
http://www.wikidata.org/entity/Q173139,George Weah,http://www.wikidata.org/entity/Q180305,AS Monaco FC,1988,1992
http://www.wikidata.org/entity/Q173139,George Weah,http://www.wikidata.org/entity/Q483020,Paris Saint-Germain FC,1992,1995
http://www.wikidata.org/entity/Q173139,George Weah,http://www.wikidata.org/entity/Q1543,AC Milan,1995,2000
http://www.wikidata.org/entity/Q173139,George Weah,http://www.wikidata.org/entity/Q9616,Chelsea FC,2000,2000
http://www.wikidata.org/entity/Q173139,George Weah,http://www.wikidata.org/entity/Q132885,Olympique de Marseille,2000,2001
http://www.wikidata.org/entity/Q173139,George Weah,http://www.wikidata.org/entity/Q50602,Manchester City FC,2000,2000
http://www.wikidata.org/entity/Q173139,George Weah,http://www.wikidata.org/entity/Q429630,Al-Jazira Club,2001,2003
http://www.wikidata.org/entity/Q17507,Gerard Piqué,http://www.wikidata.org/entity/Q18656,Manchester United FC,2004,2008
http://www.wikidata.org/entity/Q17507,Gerard Piqué,http://www.wikidata.org/entity/Q10308,Real Saragosse,2006,2007
http://www.wikidata.org/entity/Q43744,Gerd Müller,http://www.wikidata.org/entity/Q828338,TSV 1861 Nördlingen,1963,1964
http://www.wikidata.org/entity/Q43744,Gerd Müller,http://www.wikidata.org/entity/Q15789,Bayern Munich,1964,1979
http://www.wikidata.org/entity/Q43744,Gerd Müller,http://www.wikidata.org/entity/Q6502565,Fort Lauderdale Strikers,1979,1981
http://www.wikidata.org/entity/Q189892,Gheorghe Hagi,http://www.wikidata.org/entity/Q368104,SSC Farul Constanța,1982,1983
http://www.wikidata.org/entity/Q189892,Gheorghe Hagi,http://www.wikidata.org/entity/Q842134,CF Sportul Studențesc Bucarest,1983,1987
http://www.wikidata.org/entity/Q189892,Gheorghe Hagi,http://www.wikidata.org/entity/Q179658,FCSB,1987,1990
http://www.wikidata.org/entity/Q189892,Gheorghe Hagi,http://www.wikidata.org/entity/Q8682,Real Madrid CF,1990,1992
http://www.wikidata.org/entity/Q189892,Gheorghe Hagi,http://www.wikidata.org/entity/Q6651,Brescia Calcio,1992,1994
http://www.wikidata.org/entity/Q189892,Gheorghe Hagi,http://www.wikidata.org/entity/Q495299,Galatasaray SK,1996,2001
http://www.wikidata.org/entity/Q68060,Gianluigi Buffon,http://www.wikidata.org/entity/Q2693,Parme Calcio 1913,1995,2001
http://www.wikidata.org/entity/Q68060,Gianluigi Buffon,http://www.wikidata.org/entity/Q1422,Juventus FC,2001,2018
http://www.wikidata.org/entity/Q68060,Gianluigi Buffon,http://www.wikidata.org/entity/Q483020,Paris Saint-Germain FC,2018,2019
http://www.wikidata.org/entity/Q68060,Gianluigi Buffon,http://www.wikidata.org/entity/Q1422,Juventus FC,2019,2021
http://www.wikidata.org/entity/Q68060,Gianluigi Buffon,http://www.wikidata.org/entity/Q2693,Parme Calcio 1913,2021,2023
http://www.wikidata.org/entity/Q80306,Giorgio Chiellini,http://www.wikidata.org/entity/Q6767,US Livourne 1915,2000,2002
http://www.wikidata.org/entity/Q80306,Giorgio Chiellini,http://www.wikidata.org/entity/Q6767,US Livourne 1915,2002,2004
http://www.wikidata.org/entity/Q80306,Giorgio Chiellini,http://www.wikidata.org/entity/Q2739,AS Rome,2002,2004
http://www.wikidata.org/entity/Q80306,Giorgio Chiellini,http://www.wikidata.org/entity/Q2052,ACF Fiorentina,2004,2005
http://www.wikidata.org/entity/Q80306,Giorgio Chiellini,http://www.wikidata.org/entity/Q1422,Juventus FC,2004,2022
http://www.wikidata.org/entity/Q80306,Giorgio Chiellini,http://www.wikidata.org/entity/Q18380286,Los Angeles Football Club,2022,2023
http://www.wikidata.org/entity/Q173360,Giovanni van Bronckhorst,http://www.wikidata.org/entity/Q24699,RKC Waalwijk,1993,1994
http://www.wikidata.org/entity/Q173360,Giovanni van Bronckhorst,http://www.wikidata.org/entity/Q134241,Feyenoord Rotterdam,1993,1998
http://www.wikidata.org/entity/Q173360,Giovanni van Bronckhorst,http://www.wikidata.org/entity/Q19597,Rangers FC,1998,2001
http://www.wikidata.org/entity/Q173360,Giovanni van Bronckhorst,http://www.wikidata.org/entity/Q9617,Arsenal FC,2001,2004
http://www.wikidata.org/entity/Q173360,Giovanni van Bronckhorst,http://www.wikidata.org/entity/Q134241,Feyenoord Rotterdam,2007,2010
http://www.wikidata.org/entity/Q192131,Giuseppe Meazza,http://www.wikidata.org/entity/Q631,FC Internazionale Milano,1927,1940
http://www.wikidata.org/entity/Q192131,Giuseppe Meazza,http://www.wikidata.org/entity/Q1543,AC Milan,1940,1942
http://www.wikidata.org/entity/Q192131,Giuseppe Meazza,http://www.wikidata.org/entity/Q1422,Juventus FC,1942,1943
http://www.wikidata.org/entity/Q192131,Giuseppe Meazza,http://www.wikidata.org/entity/Q8633,Varèse Calcio,1944,1944
http://www.wikidata.org/entity/Q192131,Giuseppe Meazza,http://www.wikidata.org/entity/Q1886,Atalanta Bergame,1945,1946
http://www.wikidata.org/entity/Q192131,Giuseppe Meazza,http://www.wikidata.org/entity/Q631,FC Internazionale Milano,1946,1947
http://www.wikidata.org/entity/Q483846,Gonzalo Higuaín,http://www.wikidata.org/entity/Q15799,Club Atlético River Plate,2005,2007
http://www.wikidata.org/entity/Q483846,Gonzalo Higuaín,http://www.wikidata.org/entity/Q8682,Real Madrid CF,2007,2013
http://www.wikidata.org/entity/Q483846,Gonzalo Higuaín,http://www.wikidata.org/entity/Q2641,Società Sportiva Calcio Napoli,2013,2016
http://www.wikidata.org/entity/Q483846,Gonzalo Higuaín,http://www.wikidata.org/entity/Q1422,Juventus FC,2016,2020
http://www.wikidata.org/entity/Q483846,Gonzalo Higuaín,http://www.wikidata.org/entity/Q1543,AC Milan,2018,2019
http://www.wikidata.org/entity/Q483846,Gonzalo Higuaín,http://www.wikidata.org/entity/Q9616,Chelsea FC,2019,2019
http://www.wikidata.org/entity/Q483846,Gonzalo Higuaín,http://www.wikidata.org/entity/Q16844931,Inter Miami CF,2020,2022
http://www.wikidata.org/entity/Q213879,Gordon Banks,http://www.wikidata.org/entity/Q18691,Rawmarsh Welfare FC,1953,1953
http://www.wikidata.org/entity/Q213879,Gordon Banks,http://www.wikidata.org/entity/Q48935,Chesterfield Football Club,1953,1958
http://www.wikidata.org/entity/Q213879,Gordon Banks,http://www.wikidata.org/entity/Q48935,Chesterfield Football Club,1958,1959
http://www.wikidata.org/entity/Q213879,Gordon Banks,http://www.wikidata.org/entity/Q19481,Leicester City FC,1959,1967
http://www.wikidata.org/entity/Q213879,Gordon Banks,http://www.wikidata.org/entity/Q18736,Stoke City FC,1967,1972
http://www.wikidata.org/entity/Q213879,Gordon Banks,http://www.wikidata.org/entity/Q1134121,Cleveland Stokers,1967,1967
http://www.wikidata.org/entity/Q213879,Gordon Banks,http://www.wikidata.org/entity/Q2835820,Hellenic Football Club,1971,1971
http://www.wikidata.org/entity/Q213879,Gordon Banks,http://www.wikidata.org/entity/Q394452,St. Patrick's Athletic FC,1977,1977
http://www.wikidata.org/entity/Q213879,Gordon Banks,http://www.wikidata.org/entity/Q6502565,Fort Lauderdale Strikers,1977,1978
http://www.wikidata.org/entity/Q215522,Guillermo Ochoa,http://www.wikidata.org/entity/Q459090,Club América,2003,2011
http://www.wikidata.org/entity/Q215522,Guillermo Ochoa,http://www.wikidata.org/entity/Q270051,Athletic club ajaccien,2011,2014
http://www.wikidata.org/entity/Q215522,Guillermo Ochoa,http://www.wikidata.org/entity/Q8857,Málaga CF,2014,2017
http://www.wikidata.org/entity/Q215522,Guillermo Ochoa,http://www.wikidata.org/entity/Q8812,Grenade CF,2016,2017
http://www.wikidata.org/entity/Q215522,Guillermo Ochoa,http://www.wikidata.org/entity/Q190561,Standard de Liège,2017,2019
http://www.wikidata.org/entity/Q215522,Guillermo Ochoa,http://www.wikidata.org/entity/Q459090,Club América,2019,2022
http://www.wikidata.org/entity/Q215522,Guillermo Ochoa,http://www.wikidata.org/entity/Q847587,U.S. Salernitana 1919,2022,2024
http://www.wikidata.org/entity/Q215522,Guillermo Ochoa,http://www.wikidata.org/entity/Q120775987,AVS Futebol SAD,2024,2025
http://www.wikidata.org/entity/Q215522,Guillermo Ochoa,http://www.wikidata.org/entity/Q291471,AEL Limassol,2025,2026
http://www.wikidata.org/entity/Q484534,Guus Hiddink,http://www.wikidata.org/entity/Q221927,De Graafschap Doetinchem,1967,1970
http://www.wikidata.org/entity/Q484534,Guus Hiddink,http://www.wikidata.org/entity/Q11938,PSV Eindhoven,1970,1972
http://www.wikidata.org/entity/Q484534,Guus Hiddink,http://www.wikidata.org/entity/Q221927,De Graafschap Doetinchem,1972,1977
http://www.wikidata.org/entity/Q484534,Guus Hiddink,http://www.wikidata.org/entity/Q318348,NEC Nimègue,1977,1981
http://www.wikidata.org/entity/Q484534,Guus Hiddink,http://www.wikidata.org/entity/Q1095113,San Jose Earthquakes,1977,1977
http://www.wikidata.org/entity/Q484534,Guus Hiddink,http://www.wikidata.org/entity/Q1190526,Washington Diplomats,1978,1978
http://www.wikidata.org/entity/Q484534,Guus Hiddink,http://www.wikidata.org/entity/Q1095113,San Jose Earthquakes,1980,1980
http://www.wikidata.org/entity/Q484534,Guus Hiddink,http://www.wikidata.org/entity/Q221927,De Graafschap Doetinchem,1981,1982
http://www.wikidata.org/entity/Q558820,Gōtoku Sakai,http://www.wikidata.org/entity/Q383358,Albirex Niigata,2006,2011
http://www.wikidata.org/entity/Q558820,Gōtoku Sakai,http://www.wikidata.org/entity/Q4512,VfB Stuttgart,2012,2015
http://www.wikidata.org/entity/Q558820,Gōtoku Sakai,http://www.wikidata.org/entity/Q51974,Hambourg SV,2015,2019
http://www.wikidata.org/entity/Q558820,Gōtoku Sakai,http://www.wikidata.org/entity/Q844271,Vissel Kobe,2019,
http://www.wikidata.org/entity/Q2428403,Hajime Moriyasu,http://www.wikidata.org/entity/Q630279,Sanfrecce Hiroshima,1987,2001
http://www.wikidata.org/entity/Q2428403,Hajime Moriyasu,http://www.wikidata.org/entity/Q1047535,Kyoto Sanga Football Club,1998,1998
http://www.wikidata.org/entity/Q2428403,Hajime Moriyasu,http://www.wikidata.org/entity/Q1044651,Vegalta Sendai,2002,2003
http://www.wikidata.org/entity/Q192974,Hakan Şükür,http://www.wikidata.org/entity/Q2886183,Bartınspor,1987,1990
http://www.wikidata.org/entity/Q192974,Hakan Şükür,http://www.wikidata.org/entity/Q203573,Bursaspor,1990,1992
http://www.wikidata.org/entity/Q192974,Hakan Şükür,http://www.wikidata.org/entity/Q495299,Galatasaray SK,1992,1995
http://www.wikidata.org/entity/Q192974,Hakan Şükür,http://www.wikidata.org/entity/Q2768,Torino Football Club,1995,1995
http://www.wikidata.org/entity/Q192974,Hakan Şükür,http://www.wikidata.org/entity/Q495299,Galatasaray SK,1995,2000
http://www.wikidata.org/entity/Q192974,Hakan Şükür,http://www.wikidata.org/entity/Q631,FC Internazionale Milano,2000,2001
http://www.wikidata.org/entity/Q192974,Hakan Şükür,http://www.wikidata.org/entity/Q2693,Parme Calcio 1913,2002,2002
http://www.wikidata.org/entity/Q192974,Hakan Şükür,http://www.wikidata.org/entity/Q19446,Blackburn Rovers FC,2002,2003
http://www.wikidata.org/entity/Q192974,Hakan Şükür,http://www.wikidata.org/entity/Q495299,Galatasaray SK,2003,2008
http://www.wikidata.org/entity/Q179334,Henrik Larsson,http://www.wikidata.org/entity/Q3106294,Högaborgs BK,1977,1988
http://www.wikidata.org/entity/Q179334,Henrik Larsson,http://www.wikidata.org/entity/Q3106294,Högaborgs BK,1988,1992
http://www.wikidata.org/entity/Q179334,Henrik Larsson,http://www.wikidata.org/entity/Q207503,Helsingborgs IF,1992,1993
http://www.wikidata.org/entity/Q179334,Henrik Larsson,http://www.wikidata.org/entity/Q134241,Feyenoord Rotterdam,1993,1997
http://www.wikidata.org/entity/Q179334,Henrik Larsson,http://www.wikidata.org/entity/Q19593,Celtic FC,1997,2004
http://www.wikidata.org/entity/Q179334,Henrik Larsson,http://www.wikidata.org/entity/Q207503,Helsingborgs IF,2006,2009
http://www.wikidata.org/entity/Q179334,Henrik Larsson,http://www.wikidata.org/entity/Q18656,Manchester United FC,2007,2007
http://www.wikidata.org/entity/Q179334,Henrik Larsson,http://www.wikidata.org/entity/Q2036646,Råå IF,2012,2012
http://www.wikidata.org/entity/Q179334,Henrik Larsson,http://www.wikidata.org/entity/Q3106294,Högaborgs BK,2013,2013
http://www.wikidata.org/entity/Q196219,Henrikh Mkhitaryan,http://www.wikidata.org/entity/Q244317,FC Pyunik,2006,2009
http://www.wikidata.org/entity/Q196219,Henrikh Mkhitaryan,http://www.wikidata.org/entity/Q388972,Metalurg Donetsk,2009,2010
http://www.wikidata.org/entity/Q196219,Henrikh Mkhitaryan,http://www.wikidata.org/entity/Q172969,Chakhtar Donetsk,2010,2013
http://www.wikidata.org/entity/Q196219,Henrikh Mkhitaryan,http://www.wikidata.org/entity/Q41420,BV 09 Borussia Dortmund,2013,2016
http://www.wikidata.org/entity/Q196219,Henrikh Mkhitaryan,http://www.wikidata.org/entity/Q18656,Manchester United FC,2016,2018
http://www.wikidata.org/entity/Q196219,Henrikh Mkhitaryan,http://www.wikidata.org/entity/Q9617,Arsenal FC,2018,2020
http://www.wikidata.org/entity/Q196219,Henrikh Mkhitaryan,http://www.wikidata.org/entity/Q2739,AS Rome,2019,2020
http://www.wikidata.org/entity/Q196219,Henrikh Mkhitaryan,http://www.wikidata.org/entity/Q2739,AS Rome,2020,2022
http://www.wikidata.org/entity/Q196219,Henrikh Mkhitaryan,http://www.wikidata.org/entity/Q631,FC Internazionale Milano,2022,
http://www.wikidata.org/entity/Q160206,Hernán Crespo,http://www.wikidata.org/entity/Q15799,Club Atlético River Plate,1993,1996
http://www.wikidata.org/entity/Q160206,Hernán Crespo,http://www.wikidata.org/entity/Q2693,Parme Calcio 1913,1996,2000
http://www.wikidata.org/entity/Q160206,Hernán Crespo,http://www.wikidata.org/entity/Q2609,Società Sportiva Lazio,2000,2002
http://www.wikidata.org/entity/Q160206,Hernán Crespo,http://www.wikidata.org/entity/Q631,FC Internazionale Milano,2002,2003
http://www.wikidata.org/entity/Q160206,Hernán Crespo,http://www.wikidata.org/entity/Q9616,Chelsea FC,2003,2008
http://www.wikidata.org/entity/Q160206,Hernán Crespo,http://www.wikidata.org/entity/Q1543,AC Milan,2004,2005
http://www.wikidata.org/entity/Q160206,Hernán Crespo,http://www.wikidata.org/entity/Q631,FC Internazionale Milano,2006,2008
http://www.wikidata.org/entity/Q160206,Hernán Crespo,http://www.wikidata.org/entity/Q631,FC Internazionale Milano,2008,2009
http://www.wikidata.org/entity/Q160206,Hernán Crespo,http://www.wikidata.org/entity/Q2074,Genoa CFC,2009,2010
http://www.wikidata.org/entity/Q160206,Hernán Crespo,http://www.wikidata.org/entity/Q2693,Parme Calcio 1913,2010,2012
http://www.wikidata.org/entity/Q128725,Hidetoshi Nakata,http://www.wikidata.org/entity/Q692856,Shonan Bellmare,1995,1998
http://www.wikidata.org/entity/Q128725,Hidetoshi Nakata,http://www.wikidata.org/entity/Q16344,AC Pérouse Calcio,1998,2000
http://www.wikidata.org/entity/Q128725,Hidetoshi Nakata,http://www.wikidata.org/entity/Q2739,AS Rome,2000,2001
http://www.wikidata.org/entity/Q128725,Hidetoshi Nakata,http://www.wikidata.org/entity/Q2693,Parme Calcio 1913,2001,2004
http://www.wikidata.org/entity/Q128725,Hidetoshi Nakata,http://www.wikidata.org/entity/Q1893,Bologne FC 1909,2004,2004
http://www.wikidata.org/entity/Q128725,Hidetoshi Nakata,http://www.wikidata.org/entity/Q2052,ACF Fiorentina,2004,2006
http://www.wikidata.org/entity/Q128725,Hidetoshi Nakata,http://www.wikidata.org/entity/Q19451,Bolton Wanderers FC,2005,2006
http://www.wikidata.org/entity/Q1150965,Hiroki Fujiharu,http://www.wikidata.org/entity/Q738423,Gamba Osaka,2011,
http://www.wikidata.org/entity/Q558887,Hiroki Sakai,http://www.wikidata.org/entity/Q844931,Kashiwa Reysol,2009,2012
http://www.wikidata.org/entity/Q558887,Hiroki Sakai,http://www.wikidata.org/entity/Q33748,Hanovre 96,2012,2016
http://www.wikidata.org/entity/Q558887,Hiroki Sakai,http://www.wikidata.org/entity/Q132885,Olympique de Marseille,2016,2021
http://www.wikidata.org/entity/Q558887,Hiroki Sakai,http://www.wikidata.org/entity/Q218883,Urawa Red Diamonds,2021,
http://www.wikidata.org/entity/Q733494,Hiroshi Kiyotake,http://www.wikidata.org/entity/Q385074,Oita Trinita,2008,2009
http://www.wikidata.org/entity/Q733494,Hiroshi Kiyotake,http://www.wikidata.org/entity/Q855809,Cerezo Osaka,2010,2012
http://www.wikidata.org/entity/Q733494,Hiroshi Kiyotake,http://www.wikidata.org/entity/Q15786,1. FC Nuremberg,2012,2014
http://www.wikidata.org/entity/Q733494,Hiroshi Kiyotake,http://www.wikidata.org/entity/Q33748,Hanovre 96,2014,2016
http://www.wikidata.org/entity/Q733494,Hiroshi Kiyotake,http://www.wikidata.org/entity/Q10329,Sevilla Fútbol Club,2016,2017
http://www.wikidata.org/entity/Q733494,Hiroshi Kiyotake,http://www.wikidata.org/entity/Q855809,Cerezo Osaka,2017,2024
http://www.wikidata.org/entity/Q733494,Hiroshi Kiyotake,http://www.wikidata.org/entity/Q1051238,Sagan Tosu,2024,2024
http://www.wikidata.org/entity/Q733494,Hiroshi Kiyotake,http://www.wikidata.org/entity/Q385074,Oita Trinita,2025,
http://www.wikidata.org/entity/Q187125,Hristo Stoitchkov,http://www.wikidata.org/entity/Q2466360,FC Maritsa Plovdiv,1977,1981
http://www.wikidata.org/entity/Q187125,Hristo Stoitchkov,http://www.wikidata.org/entity/Q2340450,FC Hebros,1982,1984
http://www.wikidata.org/entity/Q187125,Hristo Stoitchkov,http://www.wikidata.org/entity/Q136433,PFC CSKA Sofia,1984,1990
http://www.wikidata.org/entity/Q187125,Hristo Stoitchkov,http://www.wikidata.org/entity/Q2693,Parme Calcio 1913,1995,1996
http://www.wikidata.org/entity/Q187125,Hristo Stoitchkov,http://www.wikidata.org/entity/Q136433,PFC CSKA Sofia,1998,1998
http://www.wikidata.org/entity/Q187125,Hristo Stoitchkov,http://www.wikidata.org/entity/Q482764,Al Nasr Riyad,1998,1998
http://www.wikidata.org/entity/Q187125,Hristo Stoitchkov,http://www.wikidata.org/entity/Q844931,Kashiwa Reysol,1998,1999
http://www.wikidata.org/entity/Q187125,Hristo Stoitchkov,http://www.wikidata.org/entity/Q308683,Fire de Chicago,2000,2002
http://www.wikidata.org/entity/Q187125,Hristo Stoitchkov,http://www.wikidata.org/entity/Q238593,D.C. United,2003,2003
http://www.wikidata.org/entity/Q165014,Ibrahim Afellay,http://www.wikidata.org/entity/Q4122219,Panathinaïkós,,
http://www.wikidata.org/entity/Q165014,Ibrahim Afellay,http://www.wikidata.org/entity/Q11938,PSV Eindhoven,2004,2011
http://www.wikidata.org/entity/Q165014,Ibrahim Afellay,http://www.wikidata.org/entity/Q32494,FC Schalke 04,2012,2013
http://www.wikidata.org/entity/Q165014,Ibrahim Afellay,http://www.wikidata.org/entity/Q18736,Stoke City FC,2015,
http://www.wikidata.org/entity/Q165014,Ibrahim Afellay,http://www.wikidata.org/entity/Q11938,PSV Eindhoven,2019,
http://www.wikidata.org/entity/Q203002,Igor Akinfeïev,http://www.wikidata.org/entity/Q176371,CSKA Moscou,1991,2002
http://www.wikidata.org/entity/Q203002,Igor Akinfeïev,http://www.wikidata.org/entity/Q176371,CSKA Moscou,2002,
http://www.wikidata.org/entity/Q11584,Iker Casillas,http://www.wikidata.org/entity/Q1246437,Real Madrid C,1998,1999
http://www.wikidata.org/entity/Q11584,Iker Casillas,http://www.wikidata.org/entity/Q8682,Real Madrid CF,1999,2015
http://www.wikidata.org/entity/Q11584,Iker Casillas,http://www.wikidata.org/entity/Q128446,Futebol Clube do Porto,2015,2020
http://www.wikidata.org/entity/Q115453,Ivan Rakitić,http://www.wikidata.org/entity/Q189671,FC Bâle,2005,2007
http://www.wikidata.org/entity/Q115453,Ivan Rakitić,http://www.wikidata.org/entity/Q32494,FC Schalke 04,2007,2011
http://www.wikidata.org/entity/Q115453,Ivan Rakitić,http://www.wikidata.org/entity/Q10329,Sevilla Fútbol Club,2011,2014
http://www.wikidata.org/entity/Q115453,Ivan Rakitić,http://www.wikidata.org/entity/Q10329,Sevilla Fútbol Club,2020,2024
http://www.wikidata.org/entity/Q115453,Ivan Rakitić,http://www.wikidata.org/entity/Q181216,HNK Hajduk Split,2024,2025
http://www.wikidata.org/entity/Q115453,Ivan Rakitić,http://www.wikidata.org/entity/Q2636005,Al-Shabab Riyad,2024,2024
http://www.wikidata.org/entity/Q295065,Ivica Vastić,http://www.wikidata.org/entity/Q1255000,RNK Split,1989,1991
http://www.wikidata.org/entity/Q295065,Ivica Vastić,http://www.wikidata.org/entity/Q686826,First Vienna FC 1894,1991,1992
http://www.wikidata.org/entity/Q295065,Ivica Vastić,http://www.wikidata.org/entity/Q427491,SKNV St. Pölten,1992,1993
http://www.wikidata.org/entity/Q295065,Ivica Vastić,http://www.wikidata.org/entity/Q731715,VSE St. Pölten,1992,1993
http://www.wikidata.org/entity/Q295065,Ivica Vastić,http://www.wikidata.org/entity/Q698702,Admira Wacker,1993,1993
http://www.wikidata.org/entity/Q295065,Ivica Vastić,http://www.wikidata.org/entity/Q154293,MSV Duisbourg,1994,1994
http://www.wikidata.org/entity/Q295065,Ivica Vastić,http://www.wikidata.org/entity/Q124007617,SK Sturm Graz,1994,2002
http://www.wikidata.org/entity/Q295065,Ivica Vastić,http://www.wikidata.org/entity/Q249662,Nagoya Grampus,2002,2003
http://www.wikidata.org/entity/Q295065,Ivica Vastić,http://www.wikidata.org/entity/Q131209,FK Austria Vienne,2003,2005
http://www.wikidata.org/entity/Q295065,Ivica Vastić,http://www.wikidata.org/entity/Q392310,LASK,2005,2009
http://www.wikidata.org/entity/Q15199,Jack Wilshere,http://www.wikidata.org/entity/Q9617,Arsenal FC,2008,2018
http://www.wikidata.org/entity/Q15199,Jack Wilshere,http://www.wikidata.org/entity/Q19451,Bolton Wanderers FC,2010,2010
http://www.wikidata.org/entity/Q15199,Jack Wilshere,http://www.wikidata.org/entity/Q19568,AFC Bournemouth,2016,2017
http://www.wikidata.org/entity/Q15199,Jack Wilshere,http://www.wikidata.org/entity/Q18747,West Ham United FC,2018,2020
http://www.wikidata.org/entity/Q15199,Jack Wilshere,http://www.wikidata.org/entity/Q19568,AFC Bournemouth,2021,2021
http://www.wikidata.org/entity/Q15199,Jack Wilshere,http://www.wikidata.org/entity/Q301431,AGF Aarhus,2022,2022
http://www.wikidata.org/entity/Q30148558,Jadon Sancho,http://www.wikidata.org/entity/Q41420,BV 09 Borussia Dortmund,2017,2021
http://www.wikidata.org/entity/Q30148558,Jadon Sancho,http://www.wikidata.org/entity/Q18656,Manchester United FC,2021,2026
http://www.wikidata.org/entity/Q30148558,Jadon Sancho,http://www.wikidata.org/entity/Q9616,Chelsea FC,2024,2025
http://www.wikidata.org/entity/Q30148558,Jadon Sancho,http://www.wikidata.org/entity/Q41420,BV 09 Borussia Dortmund,2024,2024
http://www.wikidata.org/entity/Q30148558,Jadon Sancho,http://www.wikidata.org/entity/Q18711,Aston Villa FC,2025,2026
http://www.wikidata.org/entity/Q191136,James Milner,http://www.wikidata.org/entity/Q1128631,Leeds United,2002,2004
http://www.wikidata.org/entity/Q191136,James Milner,http://www.wikidata.org/entity/Q19634,Swindon Town Football Club,2003,2003
http://www.wikidata.org/entity/Q191136,James Milner,http://www.wikidata.org/entity/Q18716,Newcastle United FC,2004,2008
http://www.wikidata.org/entity/Q191136,James Milner,http://www.wikidata.org/entity/Q18711,Aston Villa FC,2005,2006
http://www.wikidata.org/entity/Q191136,James Milner,http://www.wikidata.org/entity/Q18711,Aston Villa FC,2008,2010
http://www.wikidata.org/entity/Q191136,James Milner,http://www.wikidata.org/entity/Q50602,Manchester City FC,2010,2015
http://www.wikidata.org/entity/Q191136,James Milner,http://www.wikidata.org/entity/Q1130849,Liverpool FC,2015,2023
http://www.wikidata.org/entity/Q191136,James Milner,http://www.wikidata.org/entity/Q19453,Brighton & Hove,2023,2026
http://www.wikidata.org/entity/Q172211,Jamie Carragher,http://www.wikidata.org/entity/Q1130849,Liverpool FC,1996,2013
http://www.wikidata.org/entity/Q6147586,Jamie Vardy,http://www.wikidata.org/entity/Q18305,Stocksbridge Park Steels FC,2007,2010
http://www.wikidata.org/entity/Q6147586,Jamie Vardy,http://www.wikidata.org/entity/Q5214935,FC Halifax Town,2010,2011
http://www.wikidata.org/entity/Q6147586,Jamie Vardy,http://www.wikidata.org/entity/Q48941,Fleetwood Town Football Club,2011,2012
http://www.wikidata.org/entity/Q6147586,Jamie Vardy,http://www.wikidata.org/entity/Q19481,Leicester City FC,2012,2025
http://www.wikidata.org/entity/Q6147586,Jamie Vardy,http://www.wikidata.org/entity/Q759482,US Cremonese,2025,2026
http://www.wikidata.org/entity/Q165125,Javier Hernández Balcázar,http://www.wikidata.org/entity/Q503321,Club Deportivo Guadalajara (Mexique),2006,2010
http://www.wikidata.org/entity/Q165125,Javier Hernández Balcázar,http://www.wikidata.org/entity/Q18656,Manchester United FC,2010,2014
http://www.wikidata.org/entity/Q165125,Javier Hernández Balcázar,http://www.wikidata.org/entity/Q8682,Real Madrid CF,2014,2015
http://www.wikidata.org/entity/Q165125,Javier Hernández Balcázar,http://www.wikidata.org/entity/Q104761,Bayer Leverkusen,2015,2017
http://www.wikidata.org/entity/Q165125,Javier Hernández Balcázar,http://www.wikidata.org/entity/Q18747,West Ham United FC,2017,2019
http://www.wikidata.org/entity/Q165125,Javier Hernández Balcázar,http://www.wikidata.org/entity/Q10329,Sevilla Fútbol Club,2019,2020
http://www.wikidata.org/entity/Q165125,Javier Hernández Balcázar,http://www.wikidata.org/entity/Q204357,Galaxy de Los Angeles,2020,2023
http://www.wikidata.org/entity/Q165125,Javier Hernández Balcázar,http://www.wikidata.org/entity/Q503321,Club Deportivo Guadalajara (Mexique),2024,2025
http://www.wikidata.org/entity/Q161571,Javier Mascherano,http://www.wikidata.org/entity/Q15799,Club Atlético River Plate,2003,2005
http://www.wikidata.org/entity/Q161571,Javier Mascherano,http://www.wikidata.org/entity/Q35933,Corinthians Paulista,2005,2006
http://www.wikidata.org/entity/Q161571,Javier Mascherano,http://www.wikidata.org/entity/Q18747,West Ham United FC,2006,2007
http://www.wikidata.org/entity/Q161571,Javier Mascherano,http://www.wikidata.org/entity/Q1130849,Liverpool FC,2007,2010
http://www.wikidata.org/entity/Q161571,Javier Mascherano,http://www.wikidata.org/entity/Q402038,Hebei China Fortune FC,2018,2019
http://www.wikidata.org/entity/Q161571,Javier Mascherano,http://www.wikidata.org/entity/Q214940,Estudiantes de La Plata,2019,2020
http://www.wikidata.org/entity/Q52876,Javier Zanetti,http://www.wikidata.org/entity/Q1022941,Club Atlético Talleres (Remedios de Escalada),1992,1993
http://www.wikidata.org/entity/Q52876,Javier Zanetti,http://www.wikidata.org/entity/Q692646,CA Banfield,1993,1995
http://www.wikidata.org/entity/Q52876,Javier Zanetti,http://www.wikidata.org/entity/Q631,FC Internazionale Milano,1995,2014
http://www.wikidata.org/entity/Q13494,Jean-Pierre Papin,http://www.wikidata.org/entity/Q212269,Valenciennes FC,1984,1985
http://www.wikidata.org/entity/Q13494,Jean-Pierre Papin,http://www.wikidata.org/entity/Q190916,Club Bruges KV,1985,1986
http://www.wikidata.org/entity/Q13494,Jean-Pierre Papin,http://www.wikidata.org/entity/Q132885,Olympique de Marseille,1986,1992
http://www.wikidata.org/entity/Q13494,Jean-Pierre Papin,http://www.wikidata.org/entity/Q1543,AC Milan,1992,1994
http://www.wikidata.org/entity/Q13494,Jean-Pierre Papin,http://www.wikidata.org/entity/Q15789,Bayern Munich,1994,1996
http://www.wikidata.org/entity/Q13494,Jean-Pierre Papin,http://www.wikidata.org/entity/Q172476,Girondins de Bordeaux,1996,1998
http://www.wikidata.org/entity/Q13494,Jean-Pierre Papin,http://www.wikidata.org/entity/Q459148,En avant Guingamp,1998,1998
http://www.wikidata.org/entity/Q13494,Jean-Pierre Papin,http://www.wikidata.org/entity/Q459148,En avant Guingamp,1998,1999
http://www.wikidata.org/entity/Q13494,Jean-Pierre Papin,http://www.wikidata.org/entity/Q2347256,Jeunesse sportive saint-pierroise,1999,1999
http://www.wikidata.org/entity/Q57114,Jens Lehmann,http://www.wikidata.org/entity/Q32494,FC Schalke 04,1988,1998
http://www.wikidata.org/entity/Q57114,Jens Lehmann,http://www.wikidata.org/entity/Q1543,AC Milan,1998,1999
http://www.wikidata.org/entity/Q57114,Jens Lehmann,http://www.wikidata.org/entity/Q1543,AC Milan,1998,1998
http://www.wikidata.org/entity/Q57114,Jens Lehmann,http://www.wikidata.org/entity/Q41420,BV 09 Borussia Dortmund,1999,2003
http://www.wikidata.org/entity/Q57114,Jens Lehmann,http://www.wikidata.org/entity/Q9617,Arsenal FC,2003,2008
http://www.wikidata.org/entity/Q57114,Jens Lehmann,http://www.wikidata.org/entity/Q4512,VfB Stuttgart,2008,2010
http://www.wikidata.org/entity/Q57114,Jens Lehmann,http://www.wikidata.org/entity/Q9617,Arsenal FC,2011,2011
http://www.wikidata.org/entity/Q188746,Jermain Defoe,http://www.wikidata.org/entity/Q18747,West Ham United FC,1999,2004
http://www.wikidata.org/entity/Q188746,Jermain Defoe,http://www.wikidata.org/entity/Q19568,AFC Bournemouth,2000,2001
http://www.wikidata.org/entity/Q188746,Jermain Defoe,http://www.wikidata.org/entity/Q18741,Tottenham Hotspur,2004,2008
http://www.wikidata.org/entity/Q188746,Jermain Defoe,http://www.wikidata.org/entity/Q19604,Portsmouth FC,2008,2009
http://www.wikidata.org/entity/Q188746,Jermain Defoe,http://www.wikidata.org/entity/Q19604,Portsmouth FC,2008,2008
http://www.wikidata.org/entity/Q188746,Jermain Defoe,http://www.wikidata.org/entity/Q18741,Tottenham Hotspur,2009,2014
http://www.wikidata.org/entity/Q188746,Jermain Defoe,http://www.wikidata.org/entity/Q327238,Toronto FC,2014,2014
http://www.wikidata.org/entity/Q188746,Jermain Defoe,http://www.wikidata.org/entity/Q18741,Tottenham Hotspur,2014,2014
http://www.wikidata.org/entity/Q188746,Jermain Defoe,http://www.wikidata.org/entity/Q18739,Sunderland AFC,2015,2017
http://www.wikidata.org/entity/Q188746,Jermain Defoe,http://www.wikidata.org/entity/Q19597,Rangers FC,2019,2020
http://www.wikidata.org/entity/Q188746,Jermain Defoe,http://www.wikidata.org/entity/Q19597,Rangers FC,2020,2022
http://www.wikidata.org/entity/Q188746,Jermain Defoe,http://www.wikidata.org/entity/Q18739,Sunderland AFC,2022,2022
http://www.wikidata.org/entity/Q185093,Jesús Navas,http://www.wikidata.org/entity/Q10329,Sevilla Fútbol Club,2003,2013
http://www.wikidata.org/entity/Q185093,Jesús Navas,http://www.wikidata.org/entity/Q950835,Sevilla Atlético Club,2003,2004
http://www.wikidata.org/entity/Q185093,Jesús Navas,http://www.wikidata.org/entity/Q50602,Manchester City FC,2013,2017
http://www.wikidata.org/entity/Q185093,Jesús Navas,http://www.wikidata.org/entity/Q10329,Sevilla Fútbol Club,2017,2023
http://www.wikidata.org/entity/Q4462,Joachim Löw,http://www.wikidata.org/entity/Q106394,SC Fribourg,1978,1980
http://www.wikidata.org/entity/Q4462,Joachim Löw,http://www.wikidata.org/entity/Q4512,VfB Stuttgart,1980,1981
http://www.wikidata.org/entity/Q4462,Joachim Löw,http://www.wikidata.org/entity/Q38245,Eintracht Francfort,1981,1982
http://www.wikidata.org/entity/Q4462,Joachim Löw,http://www.wikidata.org/entity/Q106394,SC Fribourg,1982,1984
http://www.wikidata.org/entity/Q4462,Joachim Löw,http://www.wikidata.org/entity/Q105853,Karlsruher SC,1984,1985
http://www.wikidata.org/entity/Q4462,Joachim Löw,http://www.wikidata.org/entity/Q106394,SC Fribourg,1985,1989
http://www.wikidata.org/entity/Q4462,Joachim Löw,http://www.wikidata.org/entity/Q172247,FC Schaffhouse,1989,1992
http://www.wikidata.org/entity/Q4462,Joachim Löw,http://www.wikidata.org/entity/Q201969,FC Winterthour,1992,1994
http://www.wikidata.org/entity/Q4462,Joachim Löw,http://www.wikidata.org/entity/Q3063089,FC Frauenfeld,1994,1995
http://www.wikidata.org/entity/Q108153171,Joao Grimaldo,http://www.wikidata.org/entity/Q604581,Club Sporting Cristal,2020,2024
http://www.wikidata.org/entity/Q108153171,Joao Grimaldo,http://www.wikidata.org/entity/Q188656,Partizan Belgrade,2024,2026
http://www.wikidata.org/entity/Q108153171,Joao Grimaldo,http://www.wikidata.org/entity/Q19963391,Riga FC,2025,2025
http://www.wikidata.org/entity/Q108153171,Joao Grimaldo,http://www.wikidata.org/entity/Q193481,AC Sparta Prague,2026,
http://www.wikidata.org/entity/Q187184,Joe Hart,http://www.wikidata.org/entity/Q19626,Shrewsbury Town Football Club,2003,2006
http://www.wikidata.org/entity/Q187184,Joe Hart,http://www.wikidata.org/entity/Q50602,Manchester City FC,2006,2018
http://www.wikidata.org/entity/Q187184,Joe Hart,http://www.wikidata.org/entity/Q19637,Tranmere Rovers FC,2007,2007
http://www.wikidata.org/entity/Q187184,Joe Hart,http://www.wikidata.org/entity/Q19449,Blackpool FC,2007,2007
http://www.wikidata.org/entity/Q187184,Joe Hart,http://www.wikidata.org/entity/Q19444,Birmingham City FC,2009,2010
http://www.wikidata.org/entity/Q187184,Joe Hart,http://www.wikidata.org/entity/Q2768,Torino Football Club,2016,2017
http://www.wikidata.org/entity/Q187184,Joe Hart,http://www.wikidata.org/entity/Q18747,West Ham United FC,2017,2018
http://www.wikidata.org/entity/Q187184,Joe Hart,http://www.wikidata.org/entity/Q19458,Burnley FC,2018,2020
http://www.wikidata.org/entity/Q187184,Joe Hart,http://www.wikidata.org/entity/Q18741,Tottenham Hotspur,2020,2021
http://www.wikidata.org/entity/Q187184,Joe Hart,http://www.wikidata.org/entity/Q19593,Celtic FC,2021,2024
http://www.wikidata.org/entity/Q17163,Johan Cruijff,http://www.wikidata.org/entity/Q81888,Ajax Amsterdam,1964,1973
http://www.wikidata.org/entity/Q17163,Johan Cruijff,http://www.wikidata.org/entity/Q1156317,Aztecs de Los Angeles,1979,1979
http://www.wikidata.org/entity/Q17163,Johan Cruijff,http://www.wikidata.org/entity/Q1190526,Washington Diplomats,1980,1981
http://www.wikidata.org/entity/Q17163,Johan Cruijff,http://www.wikidata.org/entity/Q8823,Levante UD,1981,1981
http://www.wikidata.org/entity/Q17163,Johan Cruijff,http://www.wikidata.org/entity/Q81888,Ajax Amsterdam,1981,1983
http://www.wikidata.org/entity/Q17163,Johan Cruijff,http://www.wikidata.org/entity/Q134241,Feyenoord Rotterdam,1983,1984
http://www.wikidata.org/entity/Q189827,John Arne Riise,http://www.wikidata.org/entity/Q214992,Aalesunds FK,1997,1998
http://www.wikidata.org/entity/Q189827,John Arne Riise,http://www.wikidata.org/entity/Q180305,AS Monaco FC,1998,2001
http://www.wikidata.org/entity/Q189827,John Arne Riise,http://www.wikidata.org/entity/Q1130849,Liverpool FC,2001,2008
http://www.wikidata.org/entity/Q189827,John Arne Riise,http://www.wikidata.org/entity/Q2739,AS Rome,2008,2011
http://www.wikidata.org/entity/Q189827,John Arne Riise,http://www.wikidata.org/entity/Q18708,Fulham FC,2011,2014
http://www.wikidata.org/entity/Q189827,John Arne Riise,http://www.wikidata.org/entity/Q16838244,Odisha FC,2015,2016
http://www.wikidata.org/entity/Q189827,John Arne Riise,http://www.wikidata.org/entity/Q214992,Aalesunds FK,2016,2016
http://www.wikidata.org/entity/Q189827,John Arne Riise,http://www.wikidata.org/entity/Q17594408,Chennaiyin Football Club,2016,2017
http://www.wikidata.org/entity/Q166984,John Obi Mikel,http://www.wikidata.org/entity/Q737937,FK Lyn,2004,2006
http://www.wikidata.org/entity/Q166984,John Obi Mikel,http://www.wikidata.org/entity/Q9616,Chelsea FC,2006,2017
http://www.wikidata.org/entity/Q166984,John Obi Mikel,http://www.wikidata.org/entity/Q537552,Tianjin TEDA,2017,2018
http://www.wikidata.org/entity/Q166984,John Obi Mikel,http://www.wikidata.org/entity/Q18661,Middlesbrough FC,2019,2019
http://www.wikidata.org/entity/Q166984,John Obi Mikel,http://www.wikidata.org/entity/Q192641,Trabzonspor,2019,2020
http://www.wikidata.org/entity/Q166984,John Obi Mikel,http://www.wikidata.org/entity/Q18736,Stoke City FC,2020,2021
http://www.wikidata.org/entity/Q166984,John Obi Mikel,http://www.wikidata.org/entity/Q812716,Koweït SC,2021,2021
http://www.wikidata.org/entity/Q83456,John Terry,http://www.wikidata.org/entity/Q9616,Chelsea FC,1998,2017
http://www.wikidata.org/entity/Q83456,John Terry,http://www.wikidata.org/entity/Q19490,Nottingham Forest FC,2000,2000
http://www.wikidata.org/entity/Q83456,John Terry,http://www.wikidata.org/entity/Q18711,Aston Villa FC,2017,2018
http://www.wikidata.org/entity/Q187159,Jordi Alba,http://www.wikidata.org/entity/Q918044,Valencia CF Mestalla,2007,2009
http://www.wikidata.org/entity/Q187159,Jordi Alba,http://www.wikidata.org/entity/Q257984,Gimnàstic,2008,2009
http://www.wikidata.org/entity/Q187159,Jordi Alba,http://www.wikidata.org/entity/Q10333,Valence CF,2009,2012
http://www.wikidata.org/entity/Q187159,Jordi Alba,http://www.wikidata.org/entity/Q16844931,Inter Miami CF,2023,2025
http://www.wikidata.org/entity/Q163750,Jorginho,http://www.wikidata.org/entity/Q463147,America FC,1982,1984
http://www.wikidata.org/entity/Q163750,Jorginho,http://www.wikidata.org/entity/Q17479,Clube de Regatas do Flamengo,1984,1989
http://www.wikidata.org/entity/Q163750,Jorginho,http://www.wikidata.org/entity/Q104761,Bayer Leverkusen,1989,1992
http://www.wikidata.org/entity/Q163750,Jorginho,http://www.wikidata.org/entity/Q15789,Bayern Munich,1992,1995
http://www.wikidata.org/entity/Q163750,Jorginho,http://www.wikidata.org/entity/Q16932,Kashima Antlers,1995,1998
http://www.wikidata.org/entity/Q163750,Jorginho,http://www.wikidata.org/entity/Q38568,São Paulo FC,1999,1999
http://www.wikidata.org/entity/Q163750,Jorginho,http://www.wikidata.org/entity/Q5014111,CR Vasco da Gama,2000,2001
http://www.wikidata.org/entity/Q163750,Jorginho,http://www.wikidata.org/entity/Q80987,Fluminense FC,2002,2002
http://www.wikidata.org/entity/Q79983,José Mourinho,http://www.wikidata.org/entity/Q622432,Rio Ave FC,1980,1982
http://www.wikidata.org/entity/Q79983,José Mourinho,http://www.wikidata.org/entity/Q216510,CF Os Belenenses,1982,1983
http://www.wikidata.org/entity/Q79983,José Mourinho,http://www.wikidata.org/entity/Q2474559,Grupo Desportivo de Sesimbra,1983,1985
http://www.wikidata.org/entity/Q79983,José Mourinho,http://www.wikidata.org/entity/Q10388036,União Futebol Comércio e Indústria,1985,1987
http://www.wikidata.org/entity/Q192965,Juan Román Riquelme,http://www.wikidata.org/entity/Q12297,Villarreal Club de Fútbol,2003,2005
http://www.wikidata.org/entity/Q192965,Juan Román Riquelme,http://www.wikidata.org/entity/Q12297,Villarreal Club de Fútbol,2005,2007
http://www.wikidata.org/entity/Q192965,Juan Román Riquelme,http://www.wikidata.org/entity/Q220621,Argentinos Juniors,2014,2015
http://www.wikidata.org/entity/Q122003,Julio Iglesias,http://www.wikidata.org/entity/Q8682,Real Madrid CF,,
http://www.wikidata.org/entity/Q311191,Jun'ichi Inamoto,http://www.wikidata.org/entity/Q738423,Gamba Osaka,1997,2004
http://www.wikidata.org/entity/Q311191,Jun'ichi Inamoto,http://www.wikidata.org/entity/Q9617,Arsenal FC,2001,2002
http://www.wikidata.org/entity/Q311191,Jun'ichi Inamoto,http://www.wikidata.org/entity/Q18708,Fulham FC,2002,2004
http://www.wikidata.org/entity/Q311191,Jun'ichi Inamoto,http://www.wikidata.org/entity/Q18662,Cardiff City F.C.,2004,2005
http://www.wikidata.org/entity/Q311191,Jun'ichi Inamoto,http://www.wikidata.org/entity/Q18744,West Bromwich Albion,2004,2006
http://www.wikidata.org/entity/Q311191,Jun'ichi Inamoto,http://www.wikidata.org/entity/Q495299,Galatasaray SK,2006,2007
http://www.wikidata.org/entity/Q311191,Jun'ichi Inamoto,http://www.wikidata.org/entity/Q38245,Eintracht Francfort,2007,2009
http://www.wikidata.org/entity/Q311191,Jun'ichi Inamoto,http://www.wikidata.org/entity/Q19509,Stade rennais FC,2009,2010
http://www.wikidata.org/entity/Q311191,Jun'ichi Inamoto,http://www.wikidata.org/entity/Q874016,Kawasaki Frontale,2010,2014
http://www.wikidata.org/entity/Q311191,Jun'ichi Inamoto,http://www.wikidata.org/entity/Q586787,Consadole Sapporo,2015,2018
http://www.wikidata.org/entity/Q311191,Jun'ichi Inamoto,http://www.wikidata.org/entity/Q7387169,S.C. Sagamihara,2019,2021
http://www.wikidata.org/entity/Q311191,Jun'ichi Inamoto,http://www.wikidata.org/entity/Q28693099,Nankatsu SC,2022,2024
http://www.wikidata.org/entity/Q152107,Jupp Heynckes,http://www.wikidata.org/entity/Q101959,Borussia Mönchengladbach,1963,1967
http://www.wikidata.org/entity/Q152107,Jupp Heynckes,http://www.wikidata.org/entity/Q33748,Hanovre 96,1967,1970
http://www.wikidata.org/entity/Q152107,Jupp Heynckes,http://www.wikidata.org/entity/Q101959,Borussia Mönchengladbach,1970,1978
http://www.wikidata.org/entity/Q192749,Just Fontaine,http://www.wikidata.org/entity/Q1573081,Union sportive marocaine de Casablanca,1950,1953
http://www.wikidata.org/entity/Q192749,Just Fontaine,http://www.wikidata.org/entity/Q185163,OGC Nice,1953,1956
http://www.wikidata.org/entity/Q192749,Just Fontaine,http://www.wikidata.org/entity/Q208228,Stade de Reims,1956,1962
http://www.wikidata.org/entity/Q151260,Jérôme Boateng,http://www.wikidata.org/entity/Q102720,Hertha BSC,2007,2007
http://www.wikidata.org/entity/Q151260,Jérôme Boateng,http://www.wikidata.org/entity/Q51974,Hambourg SV,2007,2010
http://www.wikidata.org/entity/Q151260,Jérôme Boateng,http://www.wikidata.org/entity/Q50602,Manchester City FC,2010,2011
http://www.wikidata.org/entity/Q151260,Jérôme Boateng,http://www.wikidata.org/entity/Q15789,Bayern Munich,2011,2021
http://www.wikidata.org/entity/Q151260,Jérôme Boateng,http://www.wikidata.org/entity/Q704,Olympique lyonnais,2021,2023
http://www.wikidata.org/entity/Q151260,Jérôme Boateng,http://www.wikidata.org/entity/Q392310,LASK,2024,2025
http://www.wikidata.org/entity/Q151260,Jérôme Boateng,http://www.wikidata.org/entity/Q847587,U.S. Salernitana 1919,2024,2024
http://www.wikidata.org/entity/Q182459,Júlio César,http://www.wikidata.org/entity/Q17479,Clube de Regatas do Flamengo,1998,2005
http://www.wikidata.org/entity/Q182459,Júlio César,http://www.wikidata.org/entity/Q631,FC Internazionale Milano,2005,2012
http://www.wikidata.org/entity/Q182459,Júlio César,http://www.wikidata.org/entity/Q2037,Associazione Calcio ChievoVerona,2005,2005
http://www.wikidata.org/entity/Q182459,Júlio César,http://www.wikidata.org/entity/Q18723,QP Rangers,2012,2014
http://www.wikidata.org/entity/Q182459,Júlio César,http://www.wikidata.org/entity/Q327238,Toronto FC,2014,2014
http://www.wikidata.org/entity/Q182459,Júlio César,http://www.wikidata.org/entity/Q131499,SL Benfica,2014,2017
http://www.wikidata.org/entity/Q182459,Júlio César,http://www.wikidata.org/entity/Q17479,Clube de Regatas do Flamengo,2018,2018
http://www.wikidata.org/entity/Q57079,Jürgen Klinsmann,http://www.wikidata.org/entity/Q170105,SV Stuttgarter Kickers,1981,1984
http://www.wikidata.org/entity/Q57079,Jürgen Klinsmann,http://www.wikidata.org/entity/Q4512,VfB Stuttgart,1984,1989
http://www.wikidata.org/entity/Q57079,Jürgen Klinsmann,http://www.wikidata.org/entity/Q631,FC Internazionale Milano,1989,1992
http://www.wikidata.org/entity/Q57079,Jürgen Klinsmann,http://www.wikidata.org/entity/Q180305,AS Monaco FC,1992,1994
http://www.wikidata.org/entity/Q57079,Jürgen Klinsmann,http://www.wikidata.org/entity/Q18741,Tottenham Hotspur,1994,1995
http://www.wikidata.org/entity/Q57079,Jürgen Klinsmann,http://www.wikidata.org/entity/Q15789,Bayern Munich,1995,1997
http://www.wikidata.org/entity/Q57079,Jürgen Klinsmann,http://www.wikidata.org/entity/Q1457,UC Sampdoria,1997,1998
http://www.wikidata.org/entity/Q57079,Jürgen Klinsmann,http://www.wikidata.org/entity/Q18741,Tottenham Hotspur,1998,1998
http://www.wikidata.org/entity/Q57079,Jürgen Klinsmann,http://www.wikidata.org/entity/Q916068,Orange County Blue Star,2003,2003
http://www.wikidata.org/entity/Q83106,Jürgen Klopp,http://www.wikidata.org/entity/Q38245,Eintracht Francfort,1987,1988
http://www.wikidata.org/entity/Q83106,Jürgen Klopp,http://www.wikidata.org/entity/Q162364,1. FC Pforzheim,1987,1987
http://www.wikidata.org/entity/Q83106,Jürgen Klopp,http://www.wikidata.org/entity/Q14118284,Eintracht Frankfurt II,1987,1988
http://www.wikidata.org/entity/Q83106,Jürgen Klopp,http://www.wikidata.org/entity/Q543035,Rot-Weiss Francfort,1989,1990
http://www.wikidata.org/entity/Q83106,Jürgen Klopp,http://www.wikidata.org/entity/Q105254,1. FSV Mayence 05,1990,2001
http://www.wikidata.org/entity/Q531814,Kaká,http://www.wikidata.org/entity/Q38568,São Paulo FC,2001,2003
http://www.wikidata.org/entity/Q531814,Kaká,http://www.wikidata.org/entity/Q1543,AC Milan,2003,2009
http://www.wikidata.org/entity/Q531814,Kaká,http://www.wikidata.org/entity/Q8682,Real Madrid CF,2009,2013
http://www.wikidata.org/entity/Q531814,Kaká,http://www.wikidata.org/entity/Q1543,AC Milan,2013,2014
http://www.wikidata.org/entity/Q531814,Kaká,http://www.wikidata.org/entity/Q38568,São Paulo FC,2014,2014
http://www.wikidata.org/entity/Q531814,Kaká,http://www.wikidata.org/entity/Q15214308,Orlando City Soccer Club,2014,2017
http://www.wikidata.org/entity/Q152871,Karl-Heinz Rummenigge,http://www.wikidata.org/entity/Q15789,Bayern Munich,1974,1984
http://www.wikidata.org/entity/Q152871,Karl-Heinz Rummenigge,http://www.wikidata.org/entity/Q631,FC Internazionale Milano,1984,1987
http://www.wikidata.org/entity/Q152871,Karl-Heinz Rummenigge,http://www.wikidata.org/entity/Q219235,Servette FC,1987,1989
http://www.wikidata.org/entity/Q295797,Kasper Schmeichel,http://www.wikidata.org/entity/Q50602,Manchester City FC,2005,2009
http://www.wikidata.org/entity/Q295797,Kasper Schmeichel,http://www.wikidata.org/entity/Q909189,Darlington Football Club 1883,2006,2006
http://www.wikidata.org/entity/Q295797,Kasper Schmeichel,http://www.wikidata.org/entity/Q19573,Bury FC,2006,2006
http://www.wikidata.org/entity/Q295797,Kasper Schmeichel,http://www.wikidata.org/entity/Q18662,Cardiff City F.C.,2007,2008
http://www.wikidata.org/entity/Q295797,Kasper Schmeichel,http://www.wikidata.org/entity/Q219241,Falkirk Football Club,2007,2007
http://www.wikidata.org/entity/Q295797,Kasper Schmeichel,http://www.wikidata.org/entity/Q19580,Coventry City FC,2008,2008
http://www.wikidata.org/entity/Q295797,Kasper Schmeichel,http://www.wikidata.org/entity/Q19598,Notts County FC,2009,2010
http://www.wikidata.org/entity/Q295797,Kasper Schmeichel,http://www.wikidata.org/entity/Q1128631,Leeds United,2010,2011
http://www.wikidata.org/entity/Q295797,Kasper Schmeichel,http://www.wikidata.org/entity/Q19481,Leicester City FC,2011,2022
http://www.wikidata.org/entity/Q295797,Kasper Schmeichel,http://www.wikidata.org/entity/Q185163,OGC Nice,2022,2023
http://www.wikidata.org/entity/Q295797,Kasper Schmeichel,http://www.wikidata.org/entity/Q187528,RSC Anderlecht,2023,2024
http://www.wikidata.org/entity/Q295797,Kasper Schmeichel,http://www.wikidata.org/entity/Q19593,Celtic FC,2024,2026
http://www.wikidata.org/entity/Q331953,Kazuyoshi Miura,http://www.wikidata.org/entity/Q80955,Santos FC,1986,1986
http://www.wikidata.org/entity/Q331953,Kazuyoshi Miura,http://www.wikidata.org/entity/Q80964,SE Palmeiras,1986,1986
http://www.wikidata.org/entity/Q331953,Kazuyoshi Miura,http://www.wikidata.org/entity/Q3072095,Matsubara,1986,1986
http://www.wikidata.org/entity/Q331953,Kazuyoshi Miura,http://www.wikidata.org/entity/Q3277715,Esporte Clube XV de Novembro,1987,1988
http://www.wikidata.org/entity/Q331953,Kazuyoshi Miura,http://www.wikidata.org/entity/Q1024264,Clube de Regatas Brasil,1987,1987
http://www.wikidata.org/entity/Q331953,Kazuyoshi Miura,http://www.wikidata.org/entity/Q478317,Coritiba FC,1988,1989
http://www.wikidata.org/entity/Q331953,Kazuyoshi Miura,http://www.wikidata.org/entity/Q478317,Coritiba FC,1989,1989
http://www.wikidata.org/entity/Q331953,Kazuyoshi Miura,http://www.wikidata.org/entity/Q620499,Tokyo Verdy,1990,1998
http://www.wikidata.org/entity/Q331953,Kazuyoshi Miura,http://www.wikidata.org/entity/Q80955,Santos FC,1990,1990
http://www.wikidata.org/entity/Q331953,Kazuyoshi Miura,http://www.wikidata.org/entity/Q2074,Genoa CFC,1994,1995
http://www.wikidata.org/entity/Q331953,Kazuyoshi Miura,http://www.wikidata.org/entity/Q1047535,Kyoto Sanga Football Club,1999,2000
http://www.wikidata.org/entity/Q331953,Kazuyoshi Miura,http://www.wikidata.org/entity/Q172803,Dinamo Zagreb,1999,1999
http://www.wikidata.org/entity/Q331953,Kazuyoshi Miura,http://www.wikidata.org/entity/Q844271,Vissel Kobe,2001,2005
http://www.wikidata.org/entity/Q331953,Kazuyoshi Miura,http://www.wikidata.org/entity/Q1062259,Yokohama Football Club,2005,
http://www.wikidata.org/entity/Q331953,Kazuyoshi Miura,http://www.wikidata.org/entity/Q330143,Sydney FC,2005,2005
http://www.wikidata.org/entity/Q331953,Kazuyoshi Miura,http://www.wikidata.org/entity/Q5423732,Atletico Suzuka Club,2022,2022
http://www.wikidata.org/entity/Q331953,Kazuyoshi Miura,http://www.wikidata.org/entity/Q2061414,União Desportiva Oliveirense,2023,
http://www.wikidata.org/entity/Q331953,Kazuyoshi Miura,http://www.wikidata.org/entity/Q5423732,Atletico Suzuka Club,2024,
http://www.wikidata.org/entity/Q331997,Keiji Tamada,http://www.wikidata.org/entity/Q844931,Kashiwa Reysol,1999,2005
http://www.wikidata.org/entity/Q331997,Keiji Tamada,http://www.wikidata.org/entity/Q249662,Nagoya Grampus,2006,2014
http://www.wikidata.org/entity/Q331997,Keiji Tamada,http://www.wikidata.org/entity/Q855809,Cerezo Osaka,2015,
http://www.wikidata.org/entity/Q202054,Keisuke Honda,http://www.wikidata.org/entity/Q249662,Nagoya Grampus,2004,2007
http://www.wikidata.org/entity/Q202054,Keisuke Honda,http://www.wikidata.org/entity/Q24689,VVV Venlo,2007,2009
http://www.wikidata.org/entity/Q202054,Keisuke Honda,http://www.wikidata.org/entity/Q176371,CSKA Moscou,2009,2013
http://www.wikidata.org/entity/Q202054,Keisuke Honda,http://www.wikidata.org/entity/Q1543,AC Milan,2014,2017
http://www.wikidata.org/entity/Q202054,Keisuke Honda,http://www.wikidata.org/entity/Q736937,CF Pachuca,2017,2018
http://www.wikidata.org/entity/Q202054,Keisuke Honda,http://www.wikidata.org/entity/Q316789,Melbourne Victory Football Club,2018,2019
http://www.wikidata.org/entity/Q202054,Keisuke Honda,http://www.wikidata.org/entity/Q219233,Vitesse Arnhem,2019,2019
http://www.wikidata.org/entity/Q202054,Keisuke Honda,http://www.wikidata.org/entity/Q80958,Botafogo FR,2020,2020
http://www.wikidata.org/entity/Q202054,Keisuke Honda,http://www.wikidata.org/entity/Q218074,FK Neftchi Bakou,2021,2021
http://www.wikidata.org/entity/Q202054,Keisuke Honda,http://www.wikidata.org/entity/Q757104,FK Sūduva Marijampolė,2021,2022
http://www.wikidata.org/entity/Q202054,Keisuke Honda,http://www.wikidata.org/entity/Q16962745,Paro FC,2024,2024
http://www.wikidata.org/entity/Q187198,Kenny Dalglish,http://www.wikidata.org/entity/Q19593,Celtic FC,1969,1977
http://www.wikidata.org/entity/Q187198,Kenny Dalglish,http://www.wikidata.org/entity/Q1130849,Liverpool FC,1977,1990
http://www.wikidata.org/entity/Q558902,Kensuke Nagai,http://www.wikidata.org/entity/Q791164,Avispa Fukuoka,2009,2009
http://www.wikidata.org/entity/Q558902,Kensuke Nagai,http://www.wikidata.org/entity/Q844271,Vissel Kobe,2010,2010
http://www.wikidata.org/entity/Q558902,Kensuke Nagai,http://www.wikidata.org/entity/Q249662,Nagoya Grampus,2011,2012
http://www.wikidata.org/entity/Q558902,Kensuke Nagai,http://www.wikidata.org/entity/Q190561,Standard de Liège,2013,2013
http://www.wikidata.org/entity/Q558902,Kensuke Nagai,http://www.wikidata.org/entity/Q249662,Nagoya Grampus,2013,2014
http://www.wikidata.org/entity/Q558902,Kensuke Nagai,http://www.wikidata.org/entity/Q249662,Nagoya Grampus,2015,2016
http://www.wikidata.org/entity/Q558902,Kensuke Nagai,http://www.wikidata.org/entity/Q856619,Football Club Tokyo,2017,2022
http://www.wikidata.org/entity/Q558902,Kensuke Nagai,http://www.wikidata.org/entity/Q249662,Nagoya Grampus,2022,
http://www.wikidata.org/entity/Q151034,Kevin-Prince Boateng,http://www.wikidata.org/entity/Q102720,Hertha BSC,2005,2007
http://www.wikidata.org/entity/Q151034,Kevin-Prince Boateng,http://www.wikidata.org/entity/Q18741,Tottenham Hotspur,2007,2009
http://www.wikidata.org/entity/Q151034,Kevin-Prince Boateng,http://www.wikidata.org/entity/Q41420,BV 09 Borussia Dortmund,2009,2009
http://www.wikidata.org/entity/Q151034,Kevin-Prince Boateng,http://www.wikidata.org/entity/Q19604,Portsmouth FC,2009,2010
http://www.wikidata.org/entity/Q151034,Kevin-Prince Boateng,http://www.wikidata.org/entity/Q2074,Genoa CFC,2010,2010
http://www.wikidata.org/entity/Q151034,Kevin-Prince Boateng,http://www.wikidata.org/entity/Q1543,AC Milan,2010,2013
http://www.wikidata.org/entity/Q151034,Kevin-Prince Boateng,http://www.wikidata.org/entity/Q32494,FC Schalke 04,2013,2015
http://www.wikidata.org/entity/Q151034,Kevin-Prince Boateng,http://www.wikidata.org/entity/Q1543,AC Milan,2016,2016
http://www.wikidata.org/entity/Q151034,Kevin-Prince Boateng,http://www.wikidata.org/entity/Q11979,Unión Deportiva Las Palmas,2016,2017
http://www.wikidata.org/entity/Q151034,Kevin-Prince Boateng,http://www.wikidata.org/entity/Q38245,Eintracht Francfort,2017,2018
http://www.wikidata.org/entity/Q151034,Kevin-Prince Boateng,http://www.wikidata.org/entity/Q8603,Unione Sportiva Sassuolo Calcio,2018,2019
http://www.wikidata.org/entity/Q151034,Kevin-Prince Boateng,http://www.wikidata.org/entity/Q2052,ACF Fiorentina,2019,2020
http://www.wikidata.org/entity/Q151034,Kevin-Prince Boateng,http://www.wikidata.org/entity/Q172567,Beşiktaş JK,2020,2020
http://www.wikidata.org/entity/Q151034,Kevin-Prince Boateng,http://www.wikidata.org/entity/Q289482,AC Monza,2020,2021
http://www.wikidata.org/entity/Q151034,Kevin-Prince Boateng,http://www.wikidata.org/entity/Q102720,Hertha BSC,2021,2023
http://www.wikidata.org/entity/Q26069,Klaas-Jan Huntelaar,http://www.wikidata.org/entity/Q2564977,Hessen Combinatie '03,,
http://www.wikidata.org/entity/Q26069,Klaas-Jan Huntelaar,http://www.wikidata.org/entity/Q11938,PSV Eindhoven,2002,2004
http://www.wikidata.org/entity/Q26069,Klaas-Jan Huntelaar,http://www.wikidata.org/entity/Q292618,AGOVV Apeldoorn,2003,2004
http://www.wikidata.org/entity/Q26069,Klaas-Jan Huntelaar,http://www.wikidata.org/entity/Q221927,De Graafschap Doetinchem,2003,2003
http://www.wikidata.org/entity/Q26069,Klaas-Jan Huntelaar,http://www.wikidata.org/entity/Q200321,SC Heerenveen,2004,2005
http://www.wikidata.org/entity/Q26069,Klaas-Jan Huntelaar,http://www.wikidata.org/entity/Q81888,Ajax Amsterdam,2006,2008
http://www.wikidata.org/entity/Q26069,Klaas-Jan Huntelaar,http://www.wikidata.org/entity/Q8682,Real Madrid CF,2009,2009
http://www.wikidata.org/entity/Q26069,Klaas-Jan Huntelaar,http://www.wikidata.org/entity/Q1543,AC Milan,2009,2010
http://www.wikidata.org/entity/Q26069,Klaas-Jan Huntelaar,http://www.wikidata.org/entity/Q32494,FC Schalke 04,2010,2017
http://www.wikidata.org/entity/Q26069,Klaas-Jan Huntelaar,http://www.wikidata.org/entity/Q81888,Ajax Amsterdam,2017,2021
http://www.wikidata.org/entity/Q26069,Klaas-Jan Huntelaar,http://www.wikidata.org/entity/Q32494,FC Schalke 04,2021,2021
http://www.wikidata.org/entity/Q147589,Kolo Touré,http://www.wikidata.org/entity/Q852266,ASEC Mimosas,1999,2002
http://www.wikidata.org/entity/Q147589,Kolo Touré,http://www.wikidata.org/entity/Q9617,Arsenal FC,2002,2009
http://www.wikidata.org/entity/Q147589,Kolo Touré,http://www.wikidata.org/entity/Q50602,Manchester City FC,2009,2013
http://www.wikidata.org/entity/Q147589,Kolo Touré,http://www.wikidata.org/entity/Q1130849,Liverpool FC,2013,2016
http://www.wikidata.org/entity/Q147589,Kolo Touré,http://www.wikidata.org/entity/Q19593,Celtic FC,2016,2017
http://www.wikidata.org/entity/Q380695,Kunishige Kamamoto,http://www.wikidata.org/entity/Q855809,Cerezo Osaka,1967,1984
http://www.wikidata.org/entity/Q202237,Landon Donovan,http://www.wikidata.org/entity/Q104761,Bayer Leverkusen,1999,2000
http://www.wikidata.org/entity/Q202237,Landon Donovan,http://www.wikidata.org/entity/Q104761,Bayer Leverkusen,2000,2005
http://www.wikidata.org/entity/Q202237,Landon Donovan,http://www.wikidata.org/entity/Q575370,Earthquakes de San José,2001,2004
http://www.wikidata.org/entity/Q202237,Landon Donovan,http://www.wikidata.org/entity/Q204357,Galaxy de Los Angeles,2005,2014
http://www.wikidata.org/entity/Q202237,Landon Donovan,http://www.wikidata.org/entity/Q15789,Bayern Munich,2009,2009
http://www.wikidata.org/entity/Q202237,Landon Donovan,http://www.wikidata.org/entity/Q5794,Everton FC,2010,2010
http://www.wikidata.org/entity/Q202237,Landon Donovan,http://www.wikidata.org/entity/Q5794,Everton FC,2012,2012
http://www.wikidata.org/entity/Q202237,Landon Donovan,http://www.wikidata.org/entity/Q204357,Galaxy de Los Angeles,2016,2016
http://www.wikidata.org/entity/Q202237,Landon Donovan,http://www.wikidata.org/entity/Q633223,FC León,2018,2018
http://www.wikidata.org/entity/Q1839,Laurent Blanc,http://www.wikidata.org/entity/Q19513,Montpellier Hérault SC,1983,1991
http://www.wikidata.org/entity/Q1839,Laurent Blanc,http://www.wikidata.org/entity/Q2641,Società Sportiva Calcio Napoli,1991,1992
http://www.wikidata.org/entity/Q1839,Laurent Blanc,http://www.wikidata.org/entity/Q730809,Nîmes Olympique,1992,1993
http://www.wikidata.org/entity/Q1839,Laurent Blanc,http://www.wikidata.org/entity/Q19521,AS Saint-Étienne,1993,1995
http://www.wikidata.org/entity/Q1839,Laurent Blanc,http://www.wikidata.org/entity/Q182876,AJ Auxerre,1995,1996
http://www.wikidata.org/entity/Q1839,Laurent Blanc,http://www.wikidata.org/entity/Q132885,Olympique de Marseille,1997,1999
http://www.wikidata.org/entity/Q1839,Laurent Blanc,http://www.wikidata.org/entity/Q631,FC Internazionale Milano,1999,2001
http://www.wikidata.org/entity/Q1839,Laurent Blanc,http://www.wikidata.org/entity/Q18656,Manchester United FC,2001,2003
http://www.wikidata.org/entity/Q187989,Leighton Baines,http://www.wikidata.org/entity/Q18750,Wigan Athletic FC,2002,2007
http://www.wikidata.org/entity/Q187989,Leighton Baines,http://www.wikidata.org/entity/Q5794,Everton FC,2007,2020
http://www.wikidata.org/entity/Q46741,Leonardo,http://www.wikidata.org/entity/Q17479,Clube de Regatas do Flamengo,1987,1990
http://www.wikidata.org/entity/Q46741,Leonardo,http://www.wikidata.org/entity/Q38568,São Paulo FC,1990,1991
http://www.wikidata.org/entity/Q46741,Leonardo,http://www.wikidata.org/entity/Q10333,Valence CF,1991,1993
http://www.wikidata.org/entity/Q46741,Leonardo,http://www.wikidata.org/entity/Q38568,São Paulo FC,1993,1994
http://www.wikidata.org/entity/Q46741,Leonardo,http://www.wikidata.org/entity/Q16932,Kashima Antlers,1994,1996
http://www.wikidata.org/entity/Q46741,Leonardo,http://www.wikidata.org/entity/Q483020,Paris Saint-Germain FC,1996,1997
http://www.wikidata.org/entity/Q46741,Leonardo,http://www.wikidata.org/entity/Q1543,AC Milan,1997,2001
http://www.wikidata.org/entity/Q46741,Leonardo,http://www.wikidata.org/entity/Q38568,São Paulo FC,2001,2001
http://www.wikidata.org/entity/Q46741,Leonardo,http://www.wikidata.org/entity/Q1543,AC Milan,2002,2003
http://www.wikidata.org/entity/Q46741,Leonardo,http://www.wikidata.org/entity/Q17479,Clube de Regatas do Flamengo,2002,2002
http://www.wikidata.org/entity/Q208050,Leonardo Bonucci,http://www.wikidata.org/entity/Q631,FC Internazionale Milano,2005,2009
http://www.wikidata.org/entity/Q208050,Leonardo Bonucci,http://www.wikidata.org/entity/Q611222,Trévise F.B.C. 1993,2007,2009
http://www.wikidata.org/entity/Q208050,Leonardo Bonucci,http://www.wikidata.org/entity/Q289613,Pisa SC,2009,2009
http://www.wikidata.org/entity/Q208050,Leonardo Bonucci,http://www.wikidata.org/entity/Q6641,SSC Bari,2009,2010
http://www.wikidata.org/entity/Q208050,Leonardo Bonucci,http://www.wikidata.org/entity/Q2074,Genoa CFC,2009,2009
http://www.wikidata.org/entity/Q208050,Leonardo Bonucci,http://www.wikidata.org/entity/Q1422,Juventus FC,2010,2017
http://www.wikidata.org/entity/Q208050,Leonardo Bonucci,http://www.wikidata.org/entity/Q1543,AC Milan,2017,2018
http://www.wikidata.org/entity/Q208050,Leonardo Bonucci,http://www.wikidata.org/entity/Q1422,Juventus FC,2018,2023
http://www.wikidata.org/entity/Q208050,Leonardo Bonucci,http://www.wikidata.org/entity/Q141971,1. FC Union Berlin,2023,2024
http://www.wikidata.org/entity/Q208050,Leonardo Bonucci,http://www.wikidata.org/entity/Q6601875,Fenerbahçe Istanbul,2024,2024
http://www.wikidata.org/entity/Q167828,Lev Yachine,http://www.wikidata.org/entity/Q17497,Dynamo Moscou,1950,1970
http://www.wikidata.org/entity/Q180326,Lilian Thuram,http://www.wikidata.org/entity/Q180305,AS Monaco FC,1991,1996
http://www.wikidata.org/entity/Q180326,Lilian Thuram,http://www.wikidata.org/entity/Q2693,Parme Calcio 1913,1996,2001
http://www.wikidata.org/entity/Q180326,Lilian Thuram,http://www.wikidata.org/entity/Q1422,Juventus FC,2001,2006
http://www.wikidata.org/entity/Q207431,Louis van Gaal,http://www.wikidata.org/entity/Q81888,Ajax Amsterdam,1972,1973
http://www.wikidata.org/entity/Q207431,Louis van Gaal,http://www.wikidata.org/entity/Q732002,Royal Antwerp FC,1973,1977
http://www.wikidata.org/entity/Q207431,Louis van Gaal,http://www.wikidata.org/entity/Q1071713,SC Telstar,1977,1978
http://www.wikidata.org/entity/Q207431,Louis van Gaal,http://www.wikidata.org/entity/Q209895,Sparta Rotterdam,1978,1986
http://www.wikidata.org/entity/Q207431,Louis van Gaal,http://www.wikidata.org/entity/Q191264,AZ Alkmaar,1986,1987
http://www.wikidata.org/entity/Q207431,Louis van Gaal,http://www.wikidata.org/entity/Q81888,Ajax Amsterdam,2003,2004
http://www.wikidata.org/entity/Q276026,Luigi Riva,http://www.wikidata.org/entity/Q2693,Parme Calcio 1913,,
http://www.wikidata.org/entity/Q276026,Luigi Riva,http://www.wikidata.org/entity/Q289289,A.C. Legnano,1962,1963
http://www.wikidata.org/entity/Q276026,Luigi Riva,http://www.wikidata.org/entity/Q1900,Cagliari Calcio,1963,1976
http://www.wikidata.org/entity/Q222789,Luis Enrique,http://www.wikidata.org/entity/Q2982210,Sporting Gijón B,1988,1990
http://www.wikidata.org/entity/Q222789,Luis Enrique,http://www.wikidata.org/entity/Q12278,Sporting Gijón,1989,1991
http://www.wikidata.org/entity/Q222789,Luis Enrique,http://www.wikidata.org/entity/Q8682,Real Madrid CF,1991,1996
http://www.wikidata.org/entity/Q191634,Luiz Felipe Scolari,http://www.wikidata.org/entity/Q1703589,Caxias do Sul,1973,1979
http://www.wikidata.org/entity/Q191634,Luiz Felipe Scolari,http://www.wikidata.org/entity/Q17479,Clube de Regatas do Flamengo,1980,1981
http://www.wikidata.org/entity/Q191634,Luiz Felipe Scolari,http://www.wikidata.org/entity/Q910453,Esporte Clube Juventude,1980,1980
http://www.wikidata.org/entity/Q191634,Luiz Felipe Scolari,http://www.wikidata.org/entity/Q928885,Centro Sportivo Alagoano,1981,1981
http://www.wikidata.org/entity/Q134976,Lukas Podolski,http://www.wikidata.org/entity/Q104770,1. FC Cologne,2003,2006
http://www.wikidata.org/entity/Q134976,Lukas Podolski,http://www.wikidata.org/entity/Q15972883,1. FC Köln II,2003,2003
http://www.wikidata.org/entity/Q134976,Lukas Podolski,http://www.wikidata.org/entity/Q15789,Bayern Munich,2006,2009
http://www.wikidata.org/entity/Q134976,Lukas Podolski,http://www.wikidata.org/entity/Q104770,1. FC Cologne,2009,2012
http://www.wikidata.org/entity/Q134976,Lukas Podolski,http://www.wikidata.org/entity/Q9617,Arsenal FC,2012,2015
http://www.wikidata.org/entity/Q134976,Lukas Podolski,http://www.wikidata.org/entity/Q495299,Galatasaray SK,2015,2017
http://www.wikidata.org/entity/Q134976,Lukas Podolski,http://www.wikidata.org/entity/Q631,FC Internazionale Milano,2015,2015
http://www.wikidata.org/entity/Q134976,Lukas Podolski,http://www.wikidata.org/entity/Q844271,Vissel Kobe,2017,2020
http://www.wikidata.org/entity/Q134976,Lukas Podolski,http://www.wikidata.org/entity/Q43710,Antalyaspor,2020,2021
http://www.wikidata.org/entity/Q134976,Lukas Podolski,http://www.wikidata.org/entity/Q134255,Górnik Zabrze,2021,2026
http://www.wikidata.org/entity/Q93563,Luke Shaw,http://www.wikidata.org/entity/Q18732,Southampton FC,2011,2014
http://www.wikidata.org/entity/Q93563,Luke Shaw,http://www.wikidata.org/entity/Q18656,Manchester United FC,2014,
http://www.wikidata.org/entity/Q483145,Luís Figo,http://www.wikidata.org/entity/Q75729,Sporting Clube de Portugal,1989,1995
http://www.wikidata.org/entity/Q483145,Luís Figo,http://www.wikidata.org/entity/Q8682,Real Madrid CF,2000,2005
http://www.wikidata.org/entity/Q483145,Luís Figo,http://www.wikidata.org/entity/Q631,FC Internazionale Milano,2005,2009
http://www.wikidata.org/entity/Q177686,Maicon Douglas,http://www.wikidata.org/entity/Q188277,Cruzeiro EC,2001,2004
http://www.wikidata.org/entity/Q177686,Maicon Douglas,http://www.wikidata.org/entity/Q180305,AS Monaco FC,2004,2006
http://www.wikidata.org/entity/Q177686,Maicon Douglas,http://www.wikidata.org/entity/Q631,FC Internazionale Milano,2006,2012
http://www.wikidata.org/entity/Q177686,Maicon Douglas,http://www.wikidata.org/entity/Q50602,Manchester City FC,2012,2013
http://www.wikidata.org/entity/Q177686,Maicon Douglas,http://www.wikidata.org/entity/Q2739,AS Rome,2013,2016
http://www.wikidata.org/entity/Q177686,Maicon Douglas,http://www.wikidata.org/entity/Q374069,Avaí Futebol Clube,2017,2017
http://www.wikidata.org/entity/Q177686,Maicon Douglas,http://www.wikidata.org/entity/Q598834,Criciúma Esporte Clube,2019,2019
http://www.wikidata.org/entity/Q177686,Maicon Douglas,http://www.wikidata.org/entity/Q687712,Villa Nova Atlético Clube,2020,2020
http://www.wikidata.org/entity/Q177686,Maicon Douglas,http://www.wikidata.org/entity/Q704857,SP Tre Penne,2021,2021
http://www.wikidata.org/entity/Q164676,Makoto Hasebe,http://www.wikidata.org/entity/Q218883,Urawa Red Diamonds,2002,2007
http://www.wikidata.org/entity/Q164676,Makoto Hasebe,http://www.wikidata.org/entity/Q101859,VfL Wolfsburg,2008,2013
http://www.wikidata.org/entity/Q164676,Makoto Hasebe,http://www.wikidata.org/entity/Q15786,1. FC Nuremberg,2013,2014
http://www.wikidata.org/entity/Q164676,Makoto Hasebe,http://www.wikidata.org/entity/Q38245,Eintracht Francfort,2014,
http://www.wikidata.org/entity/Q193625,Marcel Desailly,http://www.wikidata.org/entity/Q192071,Football Club de Nantes,1986,1992
http://www.wikidata.org/entity/Q193625,Marcel Desailly,http://www.wikidata.org/entity/Q132885,Olympique de Marseille,1992,1993
http://www.wikidata.org/entity/Q193625,Marcel Desailly,http://www.wikidata.org/entity/Q1543,AC Milan,1993,1998
http://www.wikidata.org/entity/Q193625,Marcel Desailly,http://www.wikidata.org/entity/Q9616,Chelsea FC,1998,2004
http://www.wikidata.org/entity/Q193625,Marcel Desailly,http://www.wikidata.org/entity/Q428211,Al-Gharafa Sports Club,2004,2005
http://www.wikidata.org/entity/Q193625,Marcel Desailly,http://www.wikidata.org/entity/Q1051203,Qatar Sports Club,2005,2006
http://www.wikidata.org/entity/Q43304,Marcello Lippi,http://www.wikidata.org/entity/Q1681805,Savone 1907 Foot-Ball Club,1969,1970
http://www.wikidata.org/entity/Q43304,Marcello Lippi,http://www.wikidata.org/entity/Q1457,UC Sampdoria,1969,1979
http://www.wikidata.org/entity/Q43304,Marcello Lippi,http://www.wikidata.org/entity/Q1279917,Pistoiese Football Club,1979,1981
http://www.wikidata.org/entity/Q43304,Marcello Lippi,http://www.wikidata.org/entity/Q298333,Lucchese 1905,1981,1982
http://www.wikidata.org/entity/Q38136,Marcelo,http://www.wikidata.org/entity/Q80987,Fluminense FC,2005,2006
http://www.wikidata.org/entity/Q38136,Marcelo,http://www.wikidata.org/entity/Q8682,Real Madrid CF,2007,2022
http://www.wikidata.org/entity/Q38136,Marcelo,http://www.wikidata.org/entity/Q80987,Fluminense FC,2023,2025
http://www.wikidata.org/entity/Q185081,Marco Materazzi,http://www.wikidata.org/entity/Q2609,Società Sportiva Lazio,,
http://www.wikidata.org/entity/Q185081,Marco Materazzi,http://www.wikidata.org/entity/Q29390,ACR Messine,1990,1991
http://www.wikidata.org/entity/Q185081,Marco Materazzi,http://www.wikidata.org/entity/Q2251415,Marsala Football Club,1993,1994
http://www.wikidata.org/entity/Q185081,Marco Materazzi,http://www.wikidata.org/entity/Q2114224,F.C. Trapani 1905,1994,1995
http://www.wikidata.org/entity/Q185081,Marco Materazzi,http://www.wikidata.org/entity/Q16344,AC Pérouse Calcio,1995,1998
http://www.wikidata.org/entity/Q185081,Marco Materazzi,http://www.wikidata.org/entity/Q610621,Carpi Football Club 1909,1996,1996
http://www.wikidata.org/entity/Q185081,Marco Materazzi,http://www.wikidata.org/entity/Q610621,Carpi Football Club 1909,1996,1997
http://www.wikidata.org/entity/Q185081,Marco Materazzi,http://www.wikidata.org/entity/Q5794,Everton FC,1998,1999
http://www.wikidata.org/entity/Q185081,Marco Materazzi,http://www.wikidata.org/entity/Q16344,AC Pérouse Calcio,1999,2001
http://www.wikidata.org/entity/Q185081,Marco Materazzi,http://www.wikidata.org/entity/Q631,FC Internazionale Milano,2001,2011
http://www.wikidata.org/entity/Q185081,Marco Materazzi,http://www.wikidata.org/entity/Q17594408,Chennaiyin Football Club,2014,2014
http://www.wikidata.org/entity/Q483629,Marco van Basten,http://www.wikidata.org/entity/Q81888,Ajax Amsterdam,1981,1987
http://www.wikidata.org/entity/Q483629,Marco van Basten,http://www.wikidata.org/entity/Q1543,AC Milan,1987,1995
http://www.wikidata.org/entity/Q507890,Marcos Rojo,http://www.wikidata.org/entity/Q214940,Estudiantes de La Plata,2008,2011
http://www.wikidata.org/entity/Q507890,Marcos Rojo,http://www.wikidata.org/entity/Q29112,Spartak Moscou,2011,2012
http://www.wikidata.org/entity/Q507890,Marcos Rojo,http://www.wikidata.org/entity/Q75729,Sporting Clube de Portugal,2012,2014
http://www.wikidata.org/entity/Q507890,Marcos Rojo,http://www.wikidata.org/entity/Q18656,Manchester United FC,2014,2021
http://www.wikidata.org/entity/Q507890,Marcos Rojo,http://www.wikidata.org/entity/Q214940,Estudiantes de La Plata,2020,2020
http://www.wikidata.org/entity/Q507890,Marcos Rojo,http://www.wikidata.org/entity/Q276533,Racing Club de Avellaneda,2025,
http://www.wikidata.org/entity/Q310598,Marcus Túlio Tanaka,http://www.wikidata.org/entity/Q630279,Sanfrecce Hiroshima,2001,2002
http://www.wikidata.org/entity/Q310598,Marcus Túlio Tanaka,http://www.wikidata.org/entity/Q1060184,Mito HollyHock,2003,2003
http://www.wikidata.org/entity/Q310598,Marcus Túlio Tanaka,http://www.wikidata.org/entity/Q218883,Urawa Red Diamonds,2004,2009
http://www.wikidata.org/entity/Q310598,Marcus Túlio Tanaka,http://www.wikidata.org/entity/Q249662,Nagoya Grampus,2010,2015
http://www.wikidata.org/entity/Q310598,Marcus Túlio Tanaka,http://www.wikidata.org/entity/Q1047535,Kyoto Sanga Football Club,2017,2019
http://www.wikidata.org/entity/Q201825,Marek Hamšík,http://www.wikidata.org/entity/Q192253,ŠK Slovan Bratislava,2002,2004
http://www.wikidata.org/entity/Q201825,Marek Hamšík,http://www.wikidata.org/entity/Q6651,Brescia Calcio,2004,2007
http://www.wikidata.org/entity/Q201825,Marek Hamšík,http://www.wikidata.org/entity/Q2641,Società Sportiva Calcio Napoli,2007,2019
http://www.wikidata.org/entity/Q201825,Marek Hamšík,http://www.wikidata.org/entity/Q1157920,Dalian Professional FC,2019,2021
http://www.wikidata.org/entity/Q201825,Marek Hamšík,http://www.wikidata.org/entity/Q192641,Trabzonspor,2021,2023
http://www.wikidata.org/entity/Q201825,Marek Hamšík,http://www.wikidata.org/entity/Q201567,IFK Göteborg,2021,2021
http://www.wikidata.org/entity/Q129700,Mario Balotelli,http://www.wikidata.org/entity/Q289339,Associazione Calcio Lumezzane,2006,2007
http://www.wikidata.org/entity/Q129700,Mario Balotelli,http://www.wikidata.org/entity/Q631,FC Internazionale Milano,2007,2010
http://www.wikidata.org/entity/Q129700,Mario Balotelli,http://www.wikidata.org/entity/Q50602,Manchester City FC,2010,2013
http://www.wikidata.org/entity/Q129700,Mario Balotelli,http://www.wikidata.org/entity/Q1543,AC Milan,2013,2014
http://www.wikidata.org/entity/Q129700,Mario Balotelli,http://www.wikidata.org/entity/Q1130849,Liverpool FC,2014,2016
http://www.wikidata.org/entity/Q129700,Mario Balotelli,http://www.wikidata.org/entity/Q1543,AC Milan,2015,2016
http://www.wikidata.org/entity/Q129700,Mario Balotelli,http://www.wikidata.org/entity/Q185163,OGC Nice,2016,2019
http://www.wikidata.org/entity/Q129700,Mario Balotelli,http://www.wikidata.org/entity/Q6651,Brescia Calcio,2019,2020
http://www.wikidata.org/entity/Q129700,Mario Balotelli,http://www.wikidata.org/entity/Q132885,Olympique de Marseille,2019,2019
http://www.wikidata.org/entity/Q129700,Mario Balotelli,http://www.wikidata.org/entity/Q289482,AC Monza,2020,2021
http://www.wikidata.org/entity/Q129700,Mario Balotelli,http://www.wikidata.org/entity/Q352251,Adana Demirspor,2021,2022
http://www.wikidata.org/entity/Q129700,Mario Balotelli,http://www.wikidata.org/entity/Q321061,FC Sion,2022,2023
http://www.wikidata.org/entity/Q129700,Mario Balotelli,http://www.wikidata.org/entity/Q352251,Adana Demirspor,2023,2024
http://www.wikidata.org/entity/Q129700,Mario Balotelli,http://www.wikidata.org/entity/Q2074,Genoa CFC,2024,2025
http://www.wikidata.org/entity/Q129700,Mario Balotelli,http://www.wikidata.org/entity/Q107337028,Al-Ittifaq F. C.,2026,
http://www.wikidata.org/entity/Q45766,Mario Gómez,http://www.wikidata.org/entity/Q4512,VfB Stuttgart,2003,2009
http://www.wikidata.org/entity/Q45766,Mario Gómez,http://www.wikidata.org/entity/Q15789,Bayern Munich,2009,2013
http://www.wikidata.org/entity/Q45766,Mario Gómez,http://www.wikidata.org/entity/Q2052,ACF Fiorentina,2013,2015
http://www.wikidata.org/entity/Q45766,Mario Gómez,http://www.wikidata.org/entity/Q172567,Beşiktaş JK,2015,2016
http://www.wikidata.org/entity/Q45766,Mario Gómez,http://www.wikidata.org/entity/Q101859,VfL Wolfsburg,2016,2017
http://www.wikidata.org/entity/Q45766,Mario Gómez,http://www.wikidata.org/entity/Q4512,VfB Stuttgart,2018,2020
http://www.wikidata.org/entity/Q180649,Mario Kempes,http://www.wikidata.org/entity/Q1421829,Instituto Córdoba,1970,1973
http://www.wikidata.org/entity/Q180649,Mario Kempes,http://www.wikidata.org/entity/Q318307,CA Rosario Central,1974,1976
http://www.wikidata.org/entity/Q180649,Mario Kempes,http://www.wikidata.org/entity/Q10333,Valence CF,1976,1981
http://www.wikidata.org/entity/Q180649,Mario Kempes,http://www.wikidata.org/entity/Q15799,Club Atlético River Plate,1981,1982
http://www.wikidata.org/entity/Q180649,Mario Kempes,http://www.wikidata.org/entity/Q10333,Valence CF,1982,1984
http://www.wikidata.org/entity/Q180649,Mario Kempes,http://www.wikidata.org/entity/Q11963,Hércules Alicante,1984,1986
http://www.wikidata.org/entity/Q180649,Mario Kempes,http://www.wikidata.org/entity/Q686826,First Vienna FC 1894,1986,1987
http://www.wikidata.org/entity/Q180649,Mario Kempes,http://www.wikidata.org/entity/Q427491,SKNV St. Pölten,1987,1990
http://www.wikidata.org/entity/Q180649,Mario Kempes,http://www.wikidata.org/entity/Q690272,Kremser SC,1990,1992
http://www.wikidata.org/entity/Q180649,Mario Kempes,http://www.wikidata.org/entity/Q1630850,Madura United Football Club,1993,1994
http://www.wikidata.org/entity/Q180649,Mario Kempes,http://www.wikidata.org/entity/Q431679,Club Deportivo Ferroviario Almirante Arturo Fernández Vial,1995,1995
http://www.wikidata.org/entity/Q187171,Mario Mandžukić,http://www.wikidata.org/entity/Q1274317,NK Marsonia Slavonski Brod,2004,2005
http://www.wikidata.org/entity/Q187171,Mario Mandžukić,http://www.wikidata.org/entity/Q462411,NK Zagreb,2005,2007
http://www.wikidata.org/entity/Q187171,Mario Mandžukić,http://www.wikidata.org/entity/Q172803,Dinamo Zagreb,2007,2010
http://www.wikidata.org/entity/Q187171,Mario Mandžukić,http://www.wikidata.org/entity/Q101859,VfL Wolfsburg,2010,2012
http://www.wikidata.org/entity/Q187171,Mario Mandžukić,http://www.wikidata.org/entity/Q15789,Bayern Munich,2012,2014
http://www.wikidata.org/entity/Q187171,Mario Mandžukić,http://www.wikidata.org/entity/Q8701,Club Atlético de Madrid,2014,2015
http://www.wikidata.org/entity/Q187171,Mario Mandžukić,http://www.wikidata.org/entity/Q1422,Juventus FC,2015,2020
http://www.wikidata.org/entity/Q187171,Mario Mandžukić,http://www.wikidata.org/entity/Q1056948,Al-Duhail Sports Club,2020,2020
http://www.wikidata.org/entity/Q187171,Mario Mandžukić,http://www.wikidata.org/entity/Q1543,AC Milan,2021,2021
http://www.wikidata.org/entity/Q151853,Mark van Bommel,http://www.wikidata.org/entity/Q854167,Fortuna Sittard,1992,1999
http://www.wikidata.org/entity/Q151853,Mark van Bommel,http://www.wikidata.org/entity/Q11938,PSV Eindhoven,1999,2005
http://www.wikidata.org/entity/Q151853,Mark van Bommel,http://www.wikidata.org/entity/Q15789,Bayern Munich,2006,2011
http://www.wikidata.org/entity/Q151853,Mark van Bommel,http://www.wikidata.org/entity/Q1543,AC Milan,2011,2012
http://www.wikidata.org/entity/Q151853,Mark van Bommel,http://www.wikidata.org/entity/Q11938,PSV Eindhoven,2012,2013
http://www.wikidata.org/entity/Q275169,Marouane Fellaini,http://www.wikidata.org/entity/Q190561,Standard de Liège,2006,2008
http://www.wikidata.org/entity/Q275169,Marouane Fellaini,http://www.wikidata.org/entity/Q5794,Everton FC,2008,2013
http://www.wikidata.org/entity/Q275169,Marouane Fellaini,http://www.wikidata.org/entity/Q18656,Manchester United FC,2013,2019
http://www.wikidata.org/entity/Q275169,Marouane Fellaini,http://www.wikidata.org/entity/Q1046367,Shandong Taishan Football Club,2019,2023
http://www.wikidata.org/entity/Q228616,Marta,http://www.wikidata.org/entity/Q80955,Santos FC,,
http://www.wikidata.org/entity/Q228616,Marta,http://www.wikidata.org/entity/Q1856774,Umeå IK,,
http://www.wikidata.org/entity/Q228616,Marta,http://www.wikidata.org/entity/Q5014111,CR Vasco da Gama,2000,2002
http://www.wikidata.org/entity/Q228616,Marta,http://www.wikidata.org/entity/Q10367798,Santa Cruz Futebol Clube,2002,2004
http://www.wikidata.org/entity/Q228616,Marta,http://www.wikidata.org/entity/Q944841,Sol de Los Angeles,2009,2009
http://www.wikidata.org/entity/Q228616,Marta,http://www.wikidata.org/entity/Q1321034,Santos Futebol Clube,2009,2009
http://www.wikidata.org/entity/Q228616,Marta,http://www.wikidata.org/entity/Q1321034,Santos Futebol Clube,2009,2010
http://www.wikidata.org/entity/Q228616,Marta,http://www.wikidata.org/entity/Q612387,Football Club Gold Pride,2010,2010
http://www.wikidata.org/entity/Q228616,Marta,http://www.wikidata.org/entity/Q612387,Football Club Gold Pride,2010,2010
http://www.wikidata.org/entity/Q228616,Marta,http://www.wikidata.org/entity/Q1321034,Santos Futebol Clube,2011,2011
http://www.wikidata.org/entity/Q228616,Marta,http://www.wikidata.org/entity/Q2117747,Western New York Flash,2011,2011
http://www.wikidata.org/entity/Q228616,Marta,http://www.wikidata.org/entity/Q2117747,Western New York Flash,2011,2011
http://www.wikidata.org/entity/Q228616,Marta,http://www.wikidata.org/entity/Q1807026,FC Rosengård,2014,2017
http://www.wikidata.org/entity/Q228616,Marta,http://www.wikidata.org/entity/Q21066986,Pride d'Orlando,2017,
http://www.wikidata.org/entity/Q210054,Masaaki Higashiguchi,http://www.wikidata.org/entity/Q383358,Albirex Niigata,2009,2013
http://www.wikidata.org/entity/Q210054,Masaaki Higashiguchi,http://www.wikidata.org/entity/Q738423,Gamba Osaka,2014,
http://www.wikidata.org/entity/Q360595,Masashi Nakayama,http://www.wikidata.org/entity/Q855401,Júbilo Iwata,1990,2009
http://www.wikidata.org/entity/Q360595,Masashi Nakayama,http://www.wikidata.org/entity/Q586787,Consadole Sapporo,2010,2012
http://www.wikidata.org/entity/Q360595,Masashi Nakayama,http://www.wikidata.org/entity/Q11283587,Azul Claro Numazu,2015,2020
http://www.wikidata.org/entity/Q275841,Masato Morishige,http://www.wikidata.org/entity/Q385074,Oita Trinita,2006,2009
http://www.wikidata.org/entity/Q275841,Masato Morishige,http://www.wikidata.org/entity/Q856619,Football Club Tokyo,2010,
http://www.wikidata.org/entity/Q110053,Mats Hummels,http://www.wikidata.org/entity/Q15789,Bayern Munich,2007,2009
http://www.wikidata.org/entity/Q110053,Mats Hummels,http://www.wikidata.org/entity/Q41420,BV 09 Borussia Dortmund,2008,2009
http://www.wikidata.org/entity/Q110053,Mats Hummels,http://www.wikidata.org/entity/Q41420,BV 09 Borussia Dortmund,2009,2016
http://www.wikidata.org/entity/Q110053,Mats Hummels,http://www.wikidata.org/entity/Q15789,Bayern Munich,2016,2019
http://www.wikidata.org/entity/Q110053,Mats Hummels,http://www.wikidata.org/entity/Q41420,BV 09 Borussia Dortmund,2019,2024
http://www.wikidata.org/entity/Q110053,Mats Hummels,http://www.wikidata.org/entity/Q2739,AS Rome,2024,2025
http://www.wikidata.org/entity/Q136986,Mauro Icardi,http://www.wikidata.org/entity/Q1457,UC Sampdoria,2012,2013
http://www.wikidata.org/entity/Q136986,Mauro Icardi,http://www.wikidata.org/entity/Q631,FC Internazionale Milano,2013,2020
http://www.wikidata.org/entity/Q136986,Mauro Icardi,http://www.wikidata.org/entity/Q483020,Paris Saint-Germain FC,2019,2020
http://www.wikidata.org/entity/Q136986,Mauro Icardi,http://www.wikidata.org/entity/Q483020,Paris Saint-Germain FC,2020,2023
http://www.wikidata.org/entity/Q136986,Mauro Icardi,http://www.wikidata.org/entity/Q495299,Galatasaray SK,2022,2023
http://www.wikidata.org/entity/Q136986,Mauro Icardi,http://www.wikidata.org/entity/Q495299,Galatasaray SK,2023,2026
http://www.wikidata.org/entity/Q190929,Maxi Rodríguez,http://www.wikidata.org/entity/Q221882,Newell's Old Boys,1999,2002
http://www.wikidata.org/entity/Q190929,Maxi Rodríguez,http://www.wikidata.org/entity/Q8780,RCD Espanyol,2002,2005
http://www.wikidata.org/entity/Q190929,Maxi Rodríguez,http://www.wikidata.org/entity/Q8701,Club Atlético de Madrid,2005,2010
http://www.wikidata.org/entity/Q190929,Maxi Rodríguez,http://www.wikidata.org/entity/Q1130849,Liverpool FC,2010,2012
http://www.wikidata.org/entity/Q190929,Maxi Rodríguez,http://www.wikidata.org/entity/Q221882,Newell's Old Boys,2012,2017
http://www.wikidata.org/entity/Q190929,Maxi Rodríguez,http://www.wikidata.org/entity/Q16320,Club Atlético Peñarol,2017,2018
http://www.wikidata.org/entity/Q190929,Maxi Rodríguez,http://www.wikidata.org/entity/Q221882,Newell's Old Boys,2019,2021
http://www.wikidata.org/entity/Q248141,Maya Yoshida,http://www.wikidata.org/entity/Q249662,Nagoya Grampus,2007,2009
http://www.wikidata.org/entity/Q248141,Maya Yoshida,http://www.wikidata.org/entity/Q24689,VVV Venlo,2010,2012
http://www.wikidata.org/entity/Q248141,Maya Yoshida,http://www.wikidata.org/entity/Q18732,Southampton FC,2012,2020
http://www.wikidata.org/entity/Q248141,Maya Yoshida,http://www.wikidata.org/entity/Q1457,UC Sampdoria,2020,2022
http://www.wikidata.org/entity/Q248141,Maya Yoshida,http://www.wikidata.org/entity/Q1457,UC Sampdoria,2020,2020
http://www.wikidata.org/entity/Q248141,Maya Yoshida,http://www.wikidata.org/entity/Q32494,FC Schalke 04,2022,2023
http://www.wikidata.org/entity/Q248141,Maya Yoshida,http://www.wikidata.org/entity/Q204357,Galaxy de Los Angeles,2023,
http://www.wikidata.org/entity/Q260725,Megan Rapinoe,http://www.wikidata.org/entity/Q1071986,Red Stars de Chicago,2009,2010
http://www.wikidata.org/entity/Q260725,Megan Rapinoe,http://www.wikidata.org/entity/Q312181,magicJack,2011,2011
http://www.wikidata.org/entity/Q260725,Megan Rapinoe,http://www.wikidata.org/entity/Q312181,magicJack,2011,2011
http://www.wikidata.org/entity/Q260725,Megan Rapinoe,http://www.wikidata.org/entity/Q15649515,Sydney FC,2011,2011
http://www.wikidata.org/entity/Q260725,Megan Rapinoe,http://www.wikidata.org/entity/Q15649515,Sydney FC,2011,2011
http://www.wikidata.org/entity/Q260725,Megan Rapinoe,http://www.wikidata.org/entity/Q1973294,Independence de Philadelphie,2011,2011
http://www.wikidata.org/entity/Q83488,Mesut Özil,http://www.wikidata.org/entity/Q32494,FC Schalke 04,2006,2008
http://www.wikidata.org/entity/Q83488,Mesut Özil,http://www.wikidata.org/entity/Q51976,Werder Brême,2008,2010
http://www.wikidata.org/entity/Q83488,Mesut Özil,http://www.wikidata.org/entity/Q8682,Real Madrid CF,2009,2013
http://www.wikidata.org/entity/Q83488,Mesut Özil,http://www.wikidata.org/entity/Q9617,Arsenal FC,2013,2021
http://www.wikidata.org/entity/Q83488,Mesut Özil,http://www.wikidata.org/entity/Q6601875,Fenerbahçe Istanbul,2021,2022
http://www.wikidata.org/entity/Q83488,Mesut Özil,http://www.wikidata.org/entity/Q857938,İstanbul BB,2022,2023
http://www.wikidata.org/entity/Q222086,Mia Hamm,http://www.wikidata.org/entity/Q2151803,Washington Freedom,2001,2003
http://www.wikidata.org/entity/Q222086,Mia Hamm,http://www.wikidata.org/entity/Q312181,magicJack,2001,2003
http://www.wikidata.org/entity/Q222086,Mia Hamm,http://www.wikidata.org/entity/Q312181,magicJack,2001,2003
http://www.wikidata.org/entity/Q11948,Michael Ballack,http://www.wikidata.org/entity/Q161554,Chemnitzer FC,1995,1997
http://www.wikidata.org/entity/Q11948,Michael Ballack,http://www.wikidata.org/entity/Q8466,1. FC Kaiserslautern,1997,1999
http://www.wikidata.org/entity/Q11948,Michael Ballack,http://www.wikidata.org/entity/Q104761,Bayer Leverkusen,1999,2002
http://www.wikidata.org/entity/Q11948,Michael Ballack,http://www.wikidata.org/entity/Q15789,Bayern Munich,2002,2006
http://www.wikidata.org/entity/Q11948,Michael Ballack,http://www.wikidata.org/entity/Q9616,Chelsea FC,2006,2010
http://www.wikidata.org/entity/Q11948,Michael Ballack,http://www.wikidata.org/entity/Q104761,Bayer Leverkusen,2010,2012
http://www.wikidata.org/entity/Q29566,Michael Carrick,http://www.wikidata.org/entity/Q19634,Swindon Town Football Club,1999,1999
http://www.wikidata.org/entity/Q29566,Michael Carrick,http://www.wikidata.org/entity/Q18747,West Ham United FC,1999,2004
http://www.wikidata.org/entity/Q29566,Michael Carrick,http://www.wikidata.org/entity/Q19444,Birmingham City FC,2000,2000
http://www.wikidata.org/entity/Q29566,Michael Carrick,http://www.wikidata.org/entity/Q18741,Tottenham Hotspur,2004,2006
http://www.wikidata.org/entity/Q29566,Michael Carrick,http://www.wikidata.org/entity/Q18656,Manchester United FC,2006,2018
http://www.wikidata.org/entity/Q969520,Michael Essien,http://www.wikidata.org/entity/Q208399,SC Bastia,2000,2003
http://www.wikidata.org/entity/Q969520,Michael Essien,http://www.wikidata.org/entity/Q704,Olympique lyonnais,2003,2005
http://www.wikidata.org/entity/Q969520,Michael Essien,http://www.wikidata.org/entity/Q9616,Chelsea FC,2005,2014
http://www.wikidata.org/entity/Q969520,Michael Essien,http://www.wikidata.org/entity/Q8682,Real Madrid CF,2012,2013
http://www.wikidata.org/entity/Q969520,Michael Essien,http://www.wikidata.org/entity/Q1543,AC Milan,2014,2015
http://www.wikidata.org/entity/Q969520,Michael Essien,http://www.wikidata.org/entity/Q4122219,Panathinaïkós,2015,2016
http://www.wikidata.org/entity/Q969520,Michael Essien,http://www.wikidata.org/entity/Q1630834,Persib Maung Bandung,2017,2018
http://www.wikidata.org/entity/Q969520,Michael Essien,http://www.wikidata.org/entity/Q30309373,Sabail FK,2019,2020
http://www.wikidata.org/entity/Q188720,Michael Laudrup,http://www.wikidata.org/entity/Q311268,Al-Rayyan SC,,
http://www.wikidata.org/entity/Q188720,Michael Laudrup,http://www.wikidata.org/entity/Q211906,Brøndby IF,1982,1983
http://www.wikidata.org/entity/Q188720,Michael Laudrup,http://www.wikidata.org/entity/Q1422,Juventus FC,1983,1983
http://www.wikidata.org/entity/Q188720,Michael Laudrup,http://www.wikidata.org/entity/Q2609,Società Sportiva Lazio,1983,1985
http://www.wikidata.org/entity/Q188720,Michael Laudrup,http://www.wikidata.org/entity/Q1422,Juventus FC,1985,1989
http://www.wikidata.org/entity/Q188720,Michael Laudrup,http://www.wikidata.org/entity/Q8682,Real Madrid CF,1994,1996
http://www.wikidata.org/entity/Q188720,Michael Laudrup,http://www.wikidata.org/entity/Q844271,Vissel Kobe,1996,1997
http://www.wikidata.org/entity/Q188720,Michael Laudrup,http://www.wikidata.org/entity/Q81888,Ajax Amsterdam,1997,1998
http://www.wikidata.org/entity/Q128829,Michael Owen,http://www.wikidata.org/entity/Q1130849,Liverpool FC,1995,2004
http://www.wikidata.org/entity/Q128829,Michael Owen,http://www.wikidata.org/entity/Q8682,Real Madrid CF,2004,2005
http://www.wikidata.org/entity/Q128829,Michael Owen,http://www.wikidata.org/entity/Q18716,Newcastle United FC,2005,2009
http://www.wikidata.org/entity/Q128829,Michael Owen,http://www.wikidata.org/entity/Q18656,Manchester United FC,2009,2013
http://www.wikidata.org/entity/Q128829,Michael Owen,http://www.wikidata.org/entity/Q18736,Stoke City FC,2012,2013
http://www.wikidata.org/entity/Q4261,Michel Platini,http://www.wikidata.org/entity/Q19523,AS Nancy-Lorraine,1972,1979
http://www.wikidata.org/entity/Q4261,Michel Platini,http://www.wikidata.org/entity/Q19521,AS Saint-Étienne,1979,1982
http://www.wikidata.org/entity/Q4261,Michel Platini,http://www.wikidata.org/entity/Q1422,Juventus FC,1982,1987
http://www.wikidata.org/entity/Q185572,Mikel Arteta,http://www.wikidata.org/entity/Q1967477,Antiguoko,1991,1997
http://www.wikidata.org/entity/Q185572,Mikel Arteta,http://www.wikidata.org/entity/Q10467,FC Barcelone B,1999,2000
http://www.wikidata.org/entity/Q185572,Mikel Arteta,http://www.wikidata.org/entity/Q2346842,FC Barcelone C,1999,1999
http://www.wikidata.org/entity/Q185572,Mikel Arteta,http://www.wikidata.org/entity/Q483020,Paris Saint-Germain FC,2000,2002
http://www.wikidata.org/entity/Q185572,Mikel Arteta,http://www.wikidata.org/entity/Q19597,Rangers FC,2002,2004
http://www.wikidata.org/entity/Q185572,Mikel Arteta,http://www.wikidata.org/entity/Q10315,Real Sociedad,2004,2005
http://www.wikidata.org/entity/Q185572,Mikel Arteta,http://www.wikidata.org/entity/Q5794,Everton FC,2005,2011
http://www.wikidata.org/entity/Q185572,Mikel Arteta,http://www.wikidata.org/entity/Q5794,Everton FC,2005,2005
http://www.wikidata.org/entity/Q185572,Mikel Arteta,http://www.wikidata.org/entity/Q9617,Arsenal FC,2011,2016
http://www.wikidata.org/entity/Q180581,Milan Baroš,http://www.wikidata.org/entity/Q329471,FC Baník Ostrava,1998,2001
http://www.wikidata.org/entity/Q180581,Milan Baroš,http://www.wikidata.org/entity/Q1130849,Liverpool FC,2002,2005
http://www.wikidata.org/entity/Q180581,Milan Baroš,http://www.wikidata.org/entity/Q18711,Aston Villa FC,2005,2007
http://www.wikidata.org/entity/Q180581,Milan Baroš,http://www.wikidata.org/entity/Q704,Olympique lyonnais,2007,2008
http://www.wikidata.org/entity/Q180581,Milan Baroš,http://www.wikidata.org/entity/Q19604,Portsmouth FC,2008,2008
http://www.wikidata.org/entity/Q180581,Milan Baroš,http://www.wikidata.org/entity/Q495299,Galatasaray SK,2008,2013
http://www.wikidata.org/entity/Q180581,Milan Baroš,http://www.wikidata.org/entity/Q43710,Antalyaspor,2013,2014
http://www.wikidata.org/entity/Q180581,Milan Baroš,http://www.wikidata.org/entity/Q329471,FC Baník Ostrava,2013,2013
http://www.wikidata.org/entity/Q180581,Milan Baroš,http://www.wikidata.org/entity/Q329471,FC Baník Ostrava,2014,2015
http://www.wikidata.org/entity/Q180581,Milan Baroš,http://www.wikidata.org/entity/Q328332,FK Mladá Boleslav,2015,2016
http://www.wikidata.org/entity/Q180581,Milan Baroš,http://www.wikidata.org/entity/Q221671,FC Slovan Liberec,2016,2017
http://www.wikidata.org/entity/Q180581,Milan Baroš,http://www.wikidata.org/entity/Q329471,FC Baník Ostrava,2017,2020
http://www.wikidata.org/entity/Q180581,Milan Baroš,http://www.wikidata.org/entity/Q24003226,Q24003226,2020,2020
http://www.wikidata.org/entity/Q80471,Miroslav Klose,http://www.wikidata.org/entity/Q137499,FC Hombourg,1998,1999
http://www.wikidata.org/entity/Q80471,Miroslav Klose,http://www.wikidata.org/entity/Q8466,1. FC Kaiserslautern,1999,2004
http://www.wikidata.org/entity/Q80471,Miroslav Klose,http://www.wikidata.org/entity/Q51976,Werder Brême,2004,2007
http://www.wikidata.org/entity/Q80471,Miroslav Klose,http://www.wikidata.org/entity/Q15789,Bayern Munich,2007,2011
http://www.wikidata.org/entity/Q80471,Miroslav Klose,http://www.wikidata.org/entity/Q2609,Società Sportiva Lazio,2011,2016
http://www.wikidata.org/entity/Q1354960,Mohamed Salah,http://www.wikidata.org/entity/Q189671,FC Bâle,2012,2014
http://www.wikidata.org/entity/Q1354960,Mohamed Salah,http://www.wikidata.org/entity/Q9616,Chelsea FC,2014,2015
http://www.wikidata.org/entity/Q1354960,Mohamed Salah,http://www.wikidata.org/entity/Q2052,ACF Fiorentina,2015,2015
http://www.wikidata.org/entity/Q1354960,Mohamed Salah,http://www.wikidata.org/entity/Q2739,AS Rome,2015,2016
http://www.wikidata.org/entity/Q1354960,Mohamed Salah,http://www.wikidata.org/entity/Q2739,AS Rome,2016,2017
http://www.wikidata.org/entity/Q1354960,Mohamed Salah,http://www.wikidata.org/entity/Q1130849,Liverpool FC,2017,2026
http://www.wikidata.org/entity/Q311511,Mário Zagallo,http://www.wikidata.org/entity/Q463147,America FC,1948,1949
http://www.wikidata.org/entity/Q311511,Mário Zagallo,http://www.wikidata.org/entity/Q463147,America FC,1949,1950
http://www.wikidata.org/entity/Q311511,Mário Zagallo,http://www.wikidata.org/entity/Q17479,Clube de Regatas do Flamengo,1950,1958
http://www.wikidata.org/entity/Q311511,Mário Zagallo,http://www.wikidata.org/entity/Q80958,Botafogo FR,1958,1965
http://www.wikidata.org/entity/Q482947,Nani,http://www.wikidata.org/entity/Q75729,Sporting Clube de Portugal,2005,2007
http://www.wikidata.org/entity/Q482947,Nani,http://www.wikidata.org/entity/Q18656,Manchester United FC,2007,2015
http://www.wikidata.org/entity/Q482947,Nani,http://www.wikidata.org/entity/Q75729,Sporting Clube de Portugal,2014,2015
http://www.wikidata.org/entity/Q482947,Nani,http://www.wikidata.org/entity/Q6601875,Fenerbahçe Istanbul,2015,2016
http://www.wikidata.org/entity/Q482947,Nani,http://www.wikidata.org/entity/Q10333,Valence CF,2016,2018
http://www.wikidata.org/entity/Q482947,Nani,http://www.wikidata.org/entity/Q2609,Società Sportiva Lazio,2017,2018
http://www.wikidata.org/entity/Q482947,Nani,http://www.wikidata.org/entity/Q75729,Sporting Clube de Portugal,2018,2019
http://www.wikidata.org/entity/Q482947,Nani,http://www.wikidata.org/entity/Q15214308,Orlando City Soccer Club,2019,2021
http://www.wikidata.org/entity/Q482947,Nani,http://www.wikidata.org/entity/Q316789,Melbourne Victory Football Club,2022,2023
http://www.wikidata.org/entity/Q482947,Nani,http://www.wikidata.org/entity/Q501245,Venise Football Club,2022,2022
http://www.wikidata.org/entity/Q482947,Nani,http://www.wikidata.org/entity/Q352251,Adana Demirspor,2023,2024
http://www.wikidata.org/entity/Q482947,Nani,http://www.wikidata.org/entity/Q838134,Clube de Futebol Estrela da Amadora,2024,2024
http://www.wikidata.org/entity/Q482947,Nani,http://www.wikidata.org/entity/Q194170,FK Aktobe,2026,
http://www.wikidata.org/entity/Q163564,Nemanja Vidić,http://www.wikidata.org/entity/Q173009,Étoile rouge Belgrade,2000,2004
http://www.wikidata.org/entity/Q163564,Nemanja Vidić,http://www.wikidata.org/entity/Q94605,Spartak Subotica,2000,2001
http://www.wikidata.org/entity/Q163564,Nemanja Vidić,http://www.wikidata.org/entity/Q29112,Spartak Moscou,2004,2006
http://www.wikidata.org/entity/Q163564,Nemanja Vidić,http://www.wikidata.org/entity/Q18656,Manchester United FC,2006,2014
http://www.wikidata.org/entity/Q163564,Nemanja Vidić,http://www.wikidata.org/entity/Q631,FC Internazionale Milano,2014,2016
http://www.wikidata.org/entity/Q167240,Nicklas Bendtner,http://www.wikidata.org/entity/Q7862175,Tårnby Boldklub,,
http://www.wikidata.org/entity/Q167240,Nicklas Bendtner,http://www.wikidata.org/entity/Q9617,Arsenal FC,2005,2014
http://www.wikidata.org/entity/Q167240,Nicklas Bendtner,http://www.wikidata.org/entity/Q19444,Birmingham City FC,2006,2007
http://www.wikidata.org/entity/Q167240,Nicklas Bendtner,http://www.wikidata.org/entity/Q18739,Sunderland AFC,2011,2012
http://www.wikidata.org/entity/Q167240,Nicklas Bendtner,http://www.wikidata.org/entity/Q1422,Juventus FC,2012,2013
http://www.wikidata.org/entity/Q167240,Nicklas Bendtner,http://www.wikidata.org/entity/Q101859,VfL Wolfsburg,2014,2016
http://www.wikidata.org/entity/Q167240,Nicklas Bendtner,http://www.wikidata.org/entity/Q19490,Nottingham Forest FC,2016,2017
http://www.wikidata.org/entity/Q167240,Nicklas Bendtner,http://www.wikidata.org/entity/Q186785,Rosenborg Ballklub,2017,2019
http://www.wikidata.org/entity/Q167240,Nicklas Bendtner,http://www.wikidata.org/entity/Q188430,FC Copenhague,2019,2019
http://www.wikidata.org/entity/Q1939,Nicolas Anelka,http://www.wikidata.org/entity/Q483020,Paris Saint-Germain FC,1996,1997
http://www.wikidata.org/entity/Q1939,Nicolas Anelka,http://www.wikidata.org/entity/Q9617,Arsenal FC,1997,1999
http://www.wikidata.org/entity/Q1939,Nicolas Anelka,http://www.wikidata.org/entity/Q8682,Real Madrid CF,1999,2000
http://www.wikidata.org/entity/Q1939,Nicolas Anelka,http://www.wikidata.org/entity/Q483020,Paris Saint-Germain FC,2000,2002
http://www.wikidata.org/entity/Q1939,Nicolas Anelka,http://www.wikidata.org/entity/Q1130849,Liverpool FC,2002,2002
http://www.wikidata.org/entity/Q1939,Nicolas Anelka,http://www.wikidata.org/entity/Q50602,Manchester City FC,2002,2005
http://www.wikidata.org/entity/Q1939,Nicolas Anelka,http://www.wikidata.org/entity/Q6601875,Fenerbahçe Istanbul,2005,2006
http://www.wikidata.org/entity/Q1939,Nicolas Anelka,http://www.wikidata.org/entity/Q19451,Bolton Wanderers FC,2006,2008
http://www.wikidata.org/entity/Q1939,Nicolas Anelka,http://www.wikidata.org/entity/Q9616,Chelsea FC,2008,2012
http://www.wikidata.org/entity/Q1939,Nicolas Anelka,http://www.wikidata.org/entity/Q725367,Shanghai Shenhua FC,2012,2013
http://www.wikidata.org/entity/Q1939,Nicolas Anelka,http://www.wikidata.org/entity/Q1422,Juventus FC,2013,2013
http://www.wikidata.org/entity/Q1939,Nicolas Anelka,http://www.wikidata.org/entity/Q18744,West Bromwich Albion,2013,2014
http://www.wikidata.org/entity/Q1939,Nicolas Anelka,http://www.wikidata.org/entity/Q16845355,Mumbai City Football Club,2014,2015
http://www.wikidata.org/entity/Q18976,Ole Gunnar Solskjær,http://www.wikidata.org/entity/Q2699446,Clausenengen FK,1990,1995
http://www.wikidata.org/entity/Q18976,Ole Gunnar Solskjær,http://www.wikidata.org/entity/Q208552,Molde FK,1995,1996
http://www.wikidata.org/entity/Q18976,Ole Gunnar Solskjær,http://www.wikidata.org/entity/Q18656,Manchester United FC,1996,2007
http://www.wikidata.org/entity/Q186691,Oleg Blokhine,http://www.wikidata.org/entity/Q179075,Dynamo Kiev,1969,1988
http://www.wikidata.org/entity/Q186691,Oleg Blokhine,http://www.wikidata.org/entity/Q699732,SK Vorwärts Steyr,1988,1989
http://www.wikidata.org/entity/Q186691,Oleg Blokhine,http://www.wikidata.org/entity/Q367788,Aris Limassol,1989,1990
http://www.wikidata.org/entity/Q131261,Oliver Kahn,http://www.wikidata.org/entity/Q105853,Karlsruher SC,1987,1994
http://www.wikidata.org/entity/Q131261,Oliver Kahn,http://www.wikidata.org/entity/Q15789,Bayern Munich,1994,2008
http://www.wikidata.org/entity/Q19497,Oscar dos Santos Emboaba Júnior,http://www.wikidata.org/entity/Q38568,São Paulo FC,2008,2010
http://www.wikidata.org/entity/Q19497,Oscar dos Santos Emboaba Júnior,http://www.wikidata.org/entity/Q80845,SC Internacional,2010,2012
http://www.wikidata.org/entity/Q19497,Oscar dos Santos Emboaba Júnior,http://www.wikidata.org/entity/Q9616,Chelsea FC,2012,2016
http://www.wikidata.org/entity/Q19497,Oscar dos Santos Emboaba Júnior,http://www.wikidata.org/entity/Q564216,Shanghai Port FC,2017,2023
http://www.wikidata.org/entity/Q19497,Oscar dos Santos Emboaba Júnior,http://www.wikidata.org/entity/Q38568,São Paulo FC,2025,2025
http://www.wikidata.org/entity/Q483027,Paolo Maldini,http://www.wikidata.org/entity/Q1543,AC Milan,1985,2019
http://www.wikidata.org/entity/Q178628,Paolo Rossi,http://www.wikidata.org/entity/Q1422,Juventus FC,1973,1975
http://www.wikidata.org/entity/Q178628,Paolo Rossi,http://www.wikidata.org/entity/Q1120838,Côme 1907,1975,1976
http://www.wikidata.org/entity/Q178628,Paolo Rossi,http://www.wikidata.org/entity/Q8643,Vicenza Calcio,1976,1980
http://www.wikidata.org/entity/Q178628,Paolo Rossi,http://www.wikidata.org/entity/Q16344,AC Pérouse Calcio,1979,1980
http://www.wikidata.org/entity/Q178628,Paolo Rossi,http://www.wikidata.org/entity/Q1422,Juventus FC,1981,1985
http://www.wikidata.org/entity/Q178628,Paolo Rossi,http://www.wikidata.org/entity/Q1543,AC Milan,1985,1986
http://www.wikidata.org/entity/Q178628,Paolo Rossi,http://www.wikidata.org/entity/Q8639,Hellas Vérone Football Club,1986,1987
http://www.wikidata.org/entity/Q50603,Park Ji-sung,http://www.wikidata.org/entity/Q1047535,Kyoto Sanga Football Club,2000,2003
http://www.wikidata.org/entity/Q50603,Park Ji-sung,http://www.wikidata.org/entity/Q11938,PSV Eindhoven,2003,2005
http://www.wikidata.org/entity/Q50603,Park Ji-sung,http://www.wikidata.org/entity/Q18656,Manchester United FC,2005,2012
http://www.wikidata.org/entity/Q50603,Park Ji-sung,http://www.wikidata.org/entity/Q18723,QP Rangers,2012,2014
http://www.wikidata.org/entity/Q50603,Park Ji-sung,http://www.wikidata.org/entity/Q11938,PSV Eindhoven,2013,2014
http://www.wikidata.org/entity/Q1916,Patrice Évra,http://www.wikidata.org/entity/Q2251415,Marsala Football Club,1998,1999
http://www.wikidata.org/entity/Q1916,Patrice Évra,http://www.wikidata.org/entity/Q289482,AC Monza,1999,2000
http://www.wikidata.org/entity/Q1916,Patrice Évra,http://www.wikidata.org/entity/Q185163,OGC Nice,2000,2002
http://www.wikidata.org/entity/Q1916,Patrice Évra,http://www.wikidata.org/entity/Q180305,AS Monaco FC,2002,2006
http://www.wikidata.org/entity/Q1916,Patrice Évra,http://www.wikidata.org/entity/Q18656,Manchester United FC,2006,2014
http://www.wikidata.org/entity/Q1916,Patrice Évra,http://www.wikidata.org/entity/Q1422,Juventus FC,2014,2017
http://www.wikidata.org/entity/Q1916,Patrice Évra,http://www.wikidata.org/entity/Q132885,Olympique de Marseille,2017,2017
http://www.wikidata.org/entity/Q1916,Patrice Évra,http://www.wikidata.org/entity/Q18747,West Ham United FC,2018,2018
http://www.wikidata.org/entity/Q189686,Patrick Kluivert,http://www.wikidata.org/entity/Q81888,Ajax Amsterdam,1994,1997
http://www.wikidata.org/entity/Q189686,Patrick Kluivert,http://www.wikidata.org/entity/Q1543,AC Milan,1997,1998
http://www.wikidata.org/entity/Q189686,Patrick Kluivert,http://www.wikidata.org/entity/Q18716,Newcastle United FC,2004,2005
http://www.wikidata.org/entity/Q189686,Patrick Kluivert,http://www.wikidata.org/entity/Q10333,Valence CF,2005,2006
http://www.wikidata.org/entity/Q189686,Patrick Kluivert,http://www.wikidata.org/entity/Q11938,PSV Eindhoven,2006,2007
http://www.wikidata.org/entity/Q189686,Patrick Kluivert,http://www.wikidata.org/entity/Q19516,Lille OSC,2007,2008
http://www.wikidata.org/entity/Q46347,Patrick Vieira,http://www.wikidata.org/entity/Q298267,AS Cannes,1993,1995
http://www.wikidata.org/entity/Q46347,Patrick Vieira,http://www.wikidata.org/entity/Q1543,AC Milan,1995,1996
http://www.wikidata.org/entity/Q46347,Patrick Vieira,http://www.wikidata.org/entity/Q9617,Arsenal FC,1996,2005
http://www.wikidata.org/entity/Q46347,Patrick Vieira,http://www.wikidata.org/entity/Q1422,Juventus FC,2005,2006
http://www.wikidata.org/entity/Q46347,Patrick Vieira,http://www.wikidata.org/entity/Q631,FC Internazionale Milano,2006,2010
http://www.wikidata.org/entity/Q46347,Patrick Vieira,http://www.wikidata.org/entity/Q50602,Manchester City FC,2010,2011
http://www.wikidata.org/entity/Q44458,Paul Breitner,http://www.wikidata.org/entity/Q15789,Bayern Munich,1970,1974
http://www.wikidata.org/entity/Q44458,Paul Breitner,http://www.wikidata.org/entity/Q8682,Real Madrid CF,1974,1977
http://www.wikidata.org/entity/Q44458,Paul Breitner,http://www.wikidata.org/entity/Q154053,Eintracht Brunswick,1977,1978
http://www.wikidata.org/entity/Q44458,Paul Breitner,http://www.wikidata.org/entity/Q15789,Bayern Munich,1978,1983
http://www.wikidata.org/entity/Q13002,Paul Gascoigne,http://www.wikidata.org/entity/Q18716,Newcastle United FC,1985,1988
http://www.wikidata.org/entity/Q13002,Paul Gascoigne,http://www.wikidata.org/entity/Q18741,Tottenham Hotspur,1988,1992
http://www.wikidata.org/entity/Q13002,Paul Gascoigne,http://www.wikidata.org/entity/Q2609,Società Sportiva Lazio,1992,1995
http://www.wikidata.org/entity/Q13002,Paul Gascoigne,http://www.wikidata.org/entity/Q19597,Rangers FC,1995,1998
http://www.wikidata.org/entity/Q13002,Paul Gascoigne,http://www.wikidata.org/entity/Q18661,Middlesbrough FC,1998,2000
http://www.wikidata.org/entity/Q13002,Paul Gascoigne,http://www.wikidata.org/entity/Q5794,Everton FC,2000,2002
http://www.wikidata.org/entity/Q13002,Paul Gascoigne,http://www.wikidata.org/entity/Q19458,Burnley FC,2002,2002
http://www.wikidata.org/entity/Q13002,Paul Gascoigne,http://www.wikidata.org/entity/Q13004,Gansu Tianma FC,2003,2003
http://www.wikidata.org/entity/Q13002,Paul Gascoigne,http://www.wikidata.org/entity/Q894605,Boston United Football Club,2004,2004
http://www.wikidata.org/entity/Q45613,Paul Scholes,http://www.wikidata.org/entity/Q18656,Manchester United FC,1993,2011
http://www.wikidata.org/entity/Q45613,Paul Scholes,http://www.wikidata.org/entity/Q18656,Manchester United FC,2012,2013
http://www.wikidata.org/entity/Q73082,Paulinho,http://www.wikidata.org/entity/Q3277878,Audax São Paulo Esporte Clube,2004,2005
http://www.wikidata.org/entity/Q73082,Paulinho,http://www.wikidata.org/entity/Q3277878,Audax São Paulo Esporte Clube,2006,2010
http://www.wikidata.org/entity/Q73082,Paulinho,http://www.wikidata.org/entity/Q569775,FK Vilnius,2006,2007
http://www.wikidata.org/entity/Q73082,Paulinho,http://www.wikidata.org/entity/Q345142,ŁKS Łódź,2007,2008
http://www.wikidata.org/entity/Q73082,Paulinho,http://www.wikidata.org/entity/Q541744,RB Bragantino,2009,2010
http://www.wikidata.org/entity/Q73082,Paulinho,http://www.wikidata.org/entity/Q35933,Corinthians Paulista,2010,2013
http://www.wikidata.org/entity/Q73082,Paulinho,http://www.wikidata.org/entity/Q18741,Tottenham Hotspur,2013,2015
http://www.wikidata.org/entity/Q73082,Paulinho,http://www.wikidata.org/entity/Q130521,Guangzhou Football Club,2015,2017
http://www.wikidata.org/entity/Q73082,Paulinho,http://www.wikidata.org/entity/Q130521,Guangzhou Football Club,2018,2018
http://www.wikidata.org/entity/Q73082,Paulinho,http://www.wikidata.org/entity/Q130521,Guangzhou Football Club,2019,2021
http://www.wikidata.org/entity/Q73082,Paulinho,http://www.wikidata.org/entity/Q44441,Al-Ahli SC,2021,2021
http://www.wikidata.org/entity/Q73082,Paulinho,http://www.wikidata.org/entity/Q35933,Corinthians Paulista,2022,2024
http://www.wikidata.org/entity/Q171295,Pavel Nedvěd,http://www.wikidata.org/entity/Q1199965,Dukla Prague,1989,1992
http://www.wikidata.org/entity/Q171295,Pavel Nedvěd,http://www.wikidata.org/entity/Q1199965,Dukla Prague,1991,1992
http://www.wikidata.org/entity/Q171295,Pavel Nedvěd,http://www.wikidata.org/entity/Q193481,AC Sparta Prague,1992,1995
http://www.wikidata.org/entity/Q171295,Pavel Nedvěd,http://www.wikidata.org/entity/Q2609,Società Sportiva Lazio,1995,1999
http://www.wikidata.org/entity/Q171295,Pavel Nedvěd,http://www.wikidata.org/entity/Q1422,Juventus FC,1999,2009
http://www.wikidata.org/entity/Q12897,Pelé,http://www.wikidata.org/entity/Q2340403,Bauru Atlético Clube,1953,1956
http://www.wikidata.org/entity/Q12897,Pelé,http://www.wikidata.org/entity/Q80955,Santos FC,1956,1974
http://www.wikidata.org/entity/Q12897,Pelé,http://www.wikidata.org/entity/Q80955,Santos FC,1957,1974
http://www.wikidata.org/entity/Q12897,Pelé,http://www.wikidata.org/entity/Q646135,Cosmos de New York,1975,1977
http://www.wikidata.org/entity/Q164038,Pep Guardiola,http://www.wikidata.org/entity/Q10467,FC Barcelone B,1984,1990
http://www.wikidata.org/entity/Q164038,Pep Guardiola,http://www.wikidata.org/entity/Q6651,Brescia Calcio,2001,2002
http://www.wikidata.org/entity/Q164038,Pep Guardiola,http://www.wikidata.org/entity/Q2739,AS Rome,2002,2003
http://www.wikidata.org/entity/Q164038,Pep Guardiola,http://www.wikidata.org/entity/Q284452,Al-Ahli Sports Club,2003,2005
http://www.wikidata.org/entity/Q164038,Pep Guardiola,http://www.wikidata.org/entity/Q6651,Brescia Calcio,2003,2003
http://www.wikidata.org/entity/Q164038,Pep Guardiola,http://www.wikidata.org/entity/Q1243720,Dorados de Sinaloa,2005,2006
http://www.wikidata.org/entity/Q485697,Pepe,http://www.wikidata.org/entity/Q5006215,Club Sport Marítimo B,2001,2002
http://www.wikidata.org/entity/Q485697,Pepe,http://www.wikidata.org/entity/Q216503,Club Sport Marítimo,2002,2004
http://www.wikidata.org/entity/Q485697,Pepe,http://www.wikidata.org/entity/Q128446,Futebol Clube do Porto,2004,2007
http://www.wikidata.org/entity/Q485697,Pepe,http://www.wikidata.org/entity/Q8682,Real Madrid CF,2007,2017
http://www.wikidata.org/entity/Q485697,Pepe,http://www.wikidata.org/entity/Q172567,Beşiktaş JK,2017,2019
http://www.wikidata.org/entity/Q485697,Pepe,http://www.wikidata.org/entity/Q128446,Futebol Clube do Porto,2019,2024
http://www.wikidata.org/entity/Q163666,Pepe Reina,http://www.wikidata.org/entity/Q2346842,FC Barcelone C,1999,1999
http://www.wikidata.org/entity/Q163666,Pepe Reina,http://www.wikidata.org/entity/Q10467,FC Barcelone B,1999,2000
http://www.wikidata.org/entity/Q163666,Pepe Reina,http://www.wikidata.org/entity/Q12297,Villarreal Club de Fútbol,2002,2005
http://www.wikidata.org/entity/Q163666,Pepe Reina,http://www.wikidata.org/entity/Q1130849,Liverpool FC,2005,2014
http://www.wikidata.org/entity/Q163666,Pepe Reina,http://www.wikidata.org/entity/Q2641,Società Sportiva Calcio Napoli,2013,2014
http://www.wikidata.org/entity/Q163666,Pepe Reina,http://www.wikidata.org/entity/Q15789,Bayern Munich,2014,2015
http://www.wikidata.org/entity/Q163666,Pepe Reina,http://www.wikidata.org/entity/Q2641,Società Sportiva Calcio Napoli,2015,2018
http://www.wikidata.org/entity/Q163666,Pepe Reina,http://www.wikidata.org/entity/Q1543,AC Milan,2018,2020
http://www.wikidata.org/entity/Q163666,Pepe Reina,http://www.wikidata.org/entity/Q2609,Società Sportiva Lazio,2020,2022
http://www.wikidata.org/entity/Q163666,Pepe Reina,http://www.wikidata.org/entity/Q18711,Aston Villa FC,2020,2020
http://www.wikidata.org/entity/Q163666,Pepe Reina,http://www.wikidata.org/entity/Q12297,Villarreal Club de Fútbol,2022,2024
http://www.wikidata.org/entity/Q163666,Pepe Reina,http://www.wikidata.org/entity/Q1120838,Côme 1907,2024,2025
http://www.wikidata.org/entity/Q70550,Per Mertesacker,http://www.wikidata.org/entity/Q33748,Hanovre 96,2003,2006
http://www.wikidata.org/entity/Q70550,Per Mertesacker,http://www.wikidata.org/entity/Q51976,Werder Brême,2006,2011
http://www.wikidata.org/entity/Q70550,Per Mertesacker,http://www.wikidata.org/entity/Q9617,Arsenal FC,2011,2018
http://www.wikidata.org/entity/Q107674650,Percy Liza,http://www.wikidata.org/entity/Q604581,Club Sporting Cristal,2019,2022
http://www.wikidata.org/entity/Q107674650,Percy Liza,http://www.wikidata.org/entity/Q216503,Club Sport Marítimo,2022,2023
http://www.wikidata.org/entity/Q107674650,Percy Liza,http://www.wikidata.org/entity/Q3781174,Club Carlos A. Mannucci,2024,2024
http://www.wikidata.org/entity/Q107674650,Percy Liza,http://www.wikidata.org/entity/Q602542,Foot Ball Club Melgar,2025,
http://www.wikidata.org/entity/Q180939,Peter Crouch,http://www.wikidata.org/entity/Q18741,Tottenham Hotspur,1998,2000
http://www.wikidata.org/entity/Q180939,Peter Crouch,http://www.wikidata.org/entity/Q18723,QP Rangers,2000,2001
http://www.wikidata.org/entity/Q180939,Peter Crouch,http://www.wikidata.org/entity/Q1512147,IFK Hässleholm,2000,2000
http://www.wikidata.org/entity/Q180939,Peter Crouch,http://www.wikidata.org/entity/Q5313546,Dulwich Hamlet F.C.,2000,2000
http://www.wikidata.org/entity/Q180939,Peter Crouch,http://www.wikidata.org/entity/Q19604,Portsmouth FC,2001,2002
http://www.wikidata.org/entity/Q180939,Peter Crouch,http://www.wikidata.org/entity/Q18711,Aston Villa FC,2002,2004
http://www.wikidata.org/entity/Q180939,Peter Crouch,http://www.wikidata.org/entity/Q18721,Norwich City FC,2003,2003
http://www.wikidata.org/entity/Q180939,Peter Crouch,http://www.wikidata.org/entity/Q18732,Southampton FC,2004,2005
http://www.wikidata.org/entity/Q180939,Peter Crouch,http://www.wikidata.org/entity/Q1130849,Liverpool FC,2005,2008
http://www.wikidata.org/entity/Q180939,Peter Crouch,http://www.wikidata.org/entity/Q19604,Portsmouth FC,2008,2009
http://www.wikidata.org/entity/Q180939,Peter Crouch,http://www.wikidata.org/entity/Q18741,Tottenham Hotspur,2009,2011
http://www.wikidata.org/entity/Q180939,Peter Crouch,http://www.wikidata.org/entity/Q18736,Stoke City FC,2011,2019
http://www.wikidata.org/entity/Q180939,Peter Crouch,http://www.wikidata.org/entity/Q19458,Burnley FC,2019,
http://www.wikidata.org/entity/Q182314,Peter Schmeichel,http://www.wikidata.org/entity/Q12313977,Gladsaxe-Hero,1981,1984
http://www.wikidata.org/entity/Q182314,Peter Schmeichel,http://www.wikidata.org/entity/Q843097,Hvidovre IF,1984,1987
http://www.wikidata.org/entity/Q182314,Peter Schmeichel,http://www.wikidata.org/entity/Q211906,Brøndby IF,1987,1991
http://www.wikidata.org/entity/Q182314,Peter Schmeichel,http://www.wikidata.org/entity/Q18656,Manchester United FC,1991,1999
http://www.wikidata.org/entity/Q182314,Peter Schmeichel,http://www.wikidata.org/entity/Q75729,Sporting Clube de Portugal,1999,2001
http://www.wikidata.org/entity/Q182314,Peter Schmeichel,http://www.wikidata.org/entity/Q18711,Aston Villa FC,2001,2002
http://www.wikidata.org/entity/Q182314,Peter Schmeichel,http://www.wikidata.org/entity/Q50602,Manchester City FC,2002,2003
http://www.wikidata.org/entity/Q483137,Petr Čech,http://www.wikidata.org/entity/Q612017,Chmel Blšany,1999,2001
http://www.wikidata.org/entity/Q483137,Petr Čech,http://www.wikidata.org/entity/Q193481,AC Sparta Prague,2001,2002
http://www.wikidata.org/entity/Q483137,Petr Čech,http://www.wikidata.org/entity/Q19509,Stade rennais FC,2002,2004
http://www.wikidata.org/entity/Q483137,Petr Čech,http://www.wikidata.org/entity/Q9616,Chelsea FC,2004,2015
http://www.wikidata.org/entity/Q483137,Petr Čech,http://www.wikidata.org/entity/Q9617,Arsenal FC,2015,2019
http://www.wikidata.org/entity/Q30729096,Phil Foden,http://www.wikidata.org/entity/Q50602,Manchester City FC,2016,
http://www.wikidata.org/entity/Q206641,Phil Jones,http://www.wikidata.org/entity/Q19446,Blackburn Rovers FC,2009,2011
http://www.wikidata.org/entity/Q206641,Phil Jones,http://www.wikidata.org/entity/Q18656,Manchester United FC,2011,2023
http://www.wikidata.org/entity/Q43682,Philipp Lahm,http://www.wikidata.org/entity/Q15789,Bayern Munich,2002,2017
http://www.wikidata.org/entity/Q43682,Philipp Lahm,http://www.wikidata.org/entity/Q4512,VfB Stuttgart,2003,2005
http://www.wikidata.org/entity/Q47516,Pierre Littbarski,http://www.wikidata.org/entity/Q216773,FC Vaduz,,
http://www.wikidata.org/entity/Q47516,Pierre Littbarski,http://www.wikidata.org/entity/Q782983,Saipa Karaj,,
http://www.wikidata.org/entity/Q47516,Pierre Littbarski,http://www.wikidata.org/entity/Q104770,1. FC Cologne,1978,1986
http://www.wikidata.org/entity/Q47516,Pierre Littbarski,http://www.wikidata.org/entity/Q982889,Racing Club de France,1986,1987
http://www.wikidata.org/entity/Q47516,Pierre Littbarski,http://www.wikidata.org/entity/Q104770,1. FC Cologne,1987,1993
http://www.wikidata.org/entity/Q47516,Pierre Littbarski,http://www.wikidata.org/entity/Q646204,JEF United Ichihara Chiba,1993,1994
http://www.wikidata.org/entity/Q47516,Pierre Littbarski,http://www.wikidata.org/entity/Q1044651,Vegalta Sendai,1996,1997
http://www.wikidata.org/entity/Q144048,Rafael Benítez,http://www.wikidata.org/entity/Q2878009,Alone de Guardamar,,
http://www.wikidata.org/entity/Q144048,Rafael Benítez,http://www.wikidata.org/entity/Q431453,AD Parla,1981,1985
http://www.wikidata.org/entity/Q144048,Rafael Benítez,http://www.wikidata.org/entity/Q914378,Linares Club de Fútbol,1985,1986
http://www.wikidata.org/entity/Q186330,Rafael Márquez,http://www.wikidata.org/entity/Q1023532,Club de Fútbol Atlas,1992,1996
http://www.wikidata.org/entity/Q186330,Rafael Márquez,http://www.wikidata.org/entity/Q1023532,Club de Fútbol Atlas,1996,1999
http://www.wikidata.org/entity/Q186330,Rafael Márquez,http://www.wikidata.org/entity/Q180305,AS Monaco FC,1999,2003
http://www.wikidata.org/entity/Q186330,Rafael Márquez,http://www.wikidata.org/entity/Q204220,Red Bulls de New York,2010,2012
http://www.wikidata.org/entity/Q186330,Rafael Márquez,http://www.wikidata.org/entity/Q633223,FC León,2013,2014
http://www.wikidata.org/entity/Q186330,Rafael Márquez,http://www.wikidata.org/entity/Q8639,Hellas Vérone Football Club,2014,2016
http://www.wikidata.org/entity/Q186330,Rafael Márquez,http://www.wikidata.org/entity/Q1023532,Club de Fútbol Atlas,2016,2018
http://www.wikidata.org/entity/Q163974,Rafael van der Vaart,http://www.wikidata.org/entity/Q81888,Ajax Amsterdam,2000,2005
http://www.wikidata.org/entity/Q163974,Rafael van der Vaart,http://www.wikidata.org/entity/Q51974,Hambourg SV,2005,2008
http://www.wikidata.org/entity/Q163974,Rafael van der Vaart,http://www.wikidata.org/entity/Q8682,Real Madrid CF,2008,2010
http://www.wikidata.org/entity/Q163974,Rafael van der Vaart,http://www.wikidata.org/entity/Q18741,Tottenham Hotspur,2010,2012
http://www.wikidata.org/entity/Q163974,Rafael van der Vaart,http://www.wikidata.org/entity/Q51974,Hambourg SV,2012,2015
http://www.wikidata.org/entity/Q163974,Rafael van der Vaart,http://www.wikidata.org/entity/Q8723,Betis Balompié,2015,2016
http://www.wikidata.org/entity/Q163974,Rafael van der Vaart,http://www.wikidata.org/entity/Q618520,FC Midtjylland,2016,2018
http://www.wikidata.org/entity/Q163974,Rafael van der Vaart,http://www.wikidata.org/entity/Q389879,Esbjerg fB,2018,2018
http://www.wikidata.org/entity/Q312157,Raheem Sterling,http://www.wikidata.org/entity/Q1130849,Liverpool FC,2012,2015
http://www.wikidata.org/entity/Q312157,Raheem Sterling,http://www.wikidata.org/entity/Q50602,Manchester City FC,2015,2022
http://www.wikidata.org/entity/Q312157,Raheem Sterling,http://www.wikidata.org/entity/Q9616,Chelsea FC,2022,2026
http://www.wikidata.org/entity/Q312157,Raheem Sterling,http://www.wikidata.org/entity/Q9617,Arsenal FC,2024,2025
http://www.wikidata.org/entity/Q312157,Raheem Sterling,http://www.wikidata.org/entity/Q134241,Feyenoord Rotterdam,2026,2026
http://www.wikidata.org/entity/Q348557,Ramón Díaz,http://www.wikidata.org/entity/Q15799,Club Atlético River Plate,1978,1981
http://www.wikidata.org/entity/Q348557,Ramón Díaz,http://www.wikidata.org/entity/Q2641,Società Sportiva Calcio Napoli,1982,1983
http://www.wikidata.org/entity/Q348557,Ramón Díaz,http://www.wikidata.org/entity/Q298217,US Avellino,1983,1986
http://www.wikidata.org/entity/Q348557,Ramón Díaz,http://www.wikidata.org/entity/Q2052,ACF Fiorentina,1986,1988
http://www.wikidata.org/entity/Q348557,Ramón Díaz,http://www.wikidata.org/entity/Q631,FC Internazionale Milano,1988,1989
http://www.wikidata.org/entity/Q348557,Ramón Díaz,http://www.wikidata.org/entity/Q180305,AS Monaco FC,1989,1991
http://www.wikidata.org/entity/Q348557,Ramón Díaz,http://www.wikidata.org/entity/Q15799,Club Atlético River Plate,1991,1993
http://www.wikidata.org/entity/Q348557,Ramón Díaz,http://www.wikidata.org/entity/Q854932,Yokohama F·Marinos,1993,1995
http://www.wikidata.org/entity/Q489039,Raphaël Varane,http://www.wikidata.org/entity/Q191843,RC Lens,2010,2011
http://www.wikidata.org/entity/Q489039,Raphaël Varane,http://www.wikidata.org/entity/Q8682,Real Madrid CF,2011,2021
http://www.wikidata.org/entity/Q489039,Raphaël Varane,http://www.wikidata.org/entity/Q18656,Manchester United FC,2021,2024
http://www.wikidata.org/entity/Q489039,Raphaël Varane,http://www.wikidata.org/entity/Q1120838,Côme 1907,2024,2024
http://www.wikidata.org/entity/Q175296,Raul Meireles,http://www.wikidata.org/entity/Q1023163,CD Aves,2001,2003
http://www.wikidata.org/entity/Q175296,Raul Meireles,http://www.wikidata.org/entity/Q219703,Boavista FC,2001,2004
http://www.wikidata.org/entity/Q175296,Raul Meireles,http://www.wikidata.org/entity/Q128446,Futebol Clube do Porto,2004,2010
http://www.wikidata.org/entity/Q175296,Raul Meireles,http://www.wikidata.org/entity/Q1130849,Liverpool FC,2010,2011
http://www.wikidata.org/entity/Q175296,Raul Meireles,http://www.wikidata.org/entity/Q9616,Chelsea FC,2011,2012
http://www.wikidata.org/entity/Q175296,Raul Meireles,http://www.wikidata.org/entity/Q6601875,Fenerbahçe Istanbul,2012,2016
http://www.wikidata.org/entity/Q123118,Raymond Kopa,http://www.wikidata.org/entity/Q845137,Angers SCO,1949,1951
http://www.wikidata.org/entity/Q123118,Raymond Kopa,http://www.wikidata.org/entity/Q208228,Stade de Reims,1951,1956
http://www.wikidata.org/entity/Q123118,Raymond Kopa,http://www.wikidata.org/entity/Q8682,Real Madrid CF,1956,1959
http://www.wikidata.org/entity/Q123118,Raymond Kopa,http://www.wikidata.org/entity/Q208228,Stade de Reims,1959,1967
http://www.wikidata.org/entity/Q11576,Raúl González,http://www.wikidata.org/entity/Q1246437,Real Madrid C,1994,1994
http://www.wikidata.org/entity/Q11576,Raúl González,http://www.wikidata.org/entity/Q8682,Real Madrid CF,1994,2010
http://www.wikidata.org/entity/Q11576,Raúl González,http://www.wikidata.org/entity/Q32494,FC Schalke 04,2010,2012
http://www.wikidata.org/entity/Q11576,Raúl González,http://www.wikidata.org/entity/Q283545,Al-Sadd SC,2012,2014
http://www.wikidata.org/entity/Q11576,Raúl González,http://www.wikidata.org/entity/Q646135,Cosmos de New York,2014,2015
http://www.wikidata.org/entity/Q570811,Ricardo Carvalho,http://www.wikidata.org/entity/Q128446,Futebol Clube do Porto,1996,2004
http://www.wikidata.org/entity/Q570811,Ricardo Carvalho,http://www.wikidata.org/entity/Q1822470,Leça Futebol Clube,1997,1998
http://www.wikidata.org/entity/Q570811,Ricardo Carvalho,http://www.wikidata.org/entity/Q208585,Vitória Futebol Clube,1999,2000
http://www.wikidata.org/entity/Q570811,Ricardo Carvalho,http://www.wikidata.org/entity/Q1386850,FC Alverca,2000,2001
http://www.wikidata.org/entity/Q570811,Ricardo Carvalho,http://www.wikidata.org/entity/Q9616,Chelsea FC,2004,2010
http://www.wikidata.org/entity/Q570811,Ricardo Carvalho,http://www.wikidata.org/entity/Q8682,Real Madrid CF,2010,2013
http://www.wikidata.org/entity/Q570811,Ricardo Carvalho,http://www.wikidata.org/entity/Q180305,AS Monaco FC,2013,2016
http://www.wikidata.org/entity/Q570811,Ricardo Carvalho,http://www.wikidata.org/entity/Q564216,Shanghai Port FC,2017,2017
http://www.wikidata.org/entity/Q188241,Ricardo Quaresma,http://www.wikidata.org/entity/Q3494112,Sporting Clube de Portugal B,2000,2001
http://www.wikidata.org/entity/Q188241,Ricardo Quaresma,http://www.wikidata.org/entity/Q75729,Sporting Clube de Portugal,2001,2003
http://www.wikidata.org/entity/Q188241,Ricardo Quaresma,http://www.wikidata.org/entity/Q128446,Futebol Clube do Porto,2004,2008
http://www.wikidata.org/entity/Q188241,Ricardo Quaresma,http://www.wikidata.org/entity/Q631,FC Internazionale Milano,2008,2010
http://www.wikidata.org/entity/Q188241,Ricardo Quaresma,http://www.wikidata.org/entity/Q9616,Chelsea FC,2009,2009
http://www.wikidata.org/entity/Q188241,Ricardo Quaresma,http://www.wikidata.org/entity/Q172567,Beşiktaş JK,2010,2012
http://www.wikidata.org/entity/Q188241,Ricardo Quaresma,http://www.wikidata.org/entity/Q424943,Al-Ahli Dubaï,2013,2013
http://www.wikidata.org/entity/Q188241,Ricardo Quaresma,http://www.wikidata.org/entity/Q128446,Futebol Clube do Porto,2014,2015
http://www.wikidata.org/entity/Q188241,Ricardo Quaresma,http://www.wikidata.org/entity/Q172567,Beşiktaş JK,2015,2019
http://www.wikidata.org/entity/Q188241,Ricardo Quaresma,http://www.wikidata.org/entity/Q138230,Kasımpaşa SK,2019,2020
http://www.wikidata.org/entity/Q188241,Ricardo Quaresma,http://www.wikidata.org/entity/Q223450,Vitória Sport Clube,2020,2022
http://www.wikidata.org/entity/Q483417,Rio Ferdinand,http://www.wikidata.org/entity/Q19568,AFC Bournemouth,1996,1997
http://www.wikidata.org/entity/Q483417,Rio Ferdinand,http://www.wikidata.org/entity/Q18747,West Ham United FC,1996,2000
http://www.wikidata.org/entity/Q483417,Rio Ferdinand,http://www.wikidata.org/entity/Q1128631,Leeds United,2000,2002
http://www.wikidata.org/entity/Q483417,Rio Ferdinand,http://www.wikidata.org/entity/Q18656,Manchester United FC,2002,2014
http://www.wikidata.org/entity/Q483417,Rio Ferdinand,http://www.wikidata.org/entity/Q18723,QP Rangers,2014,2015
http://www.wikidata.org/entity/Q483577,Rivaldo,http://www.wikidata.org/entity/Q1422177,Paulista Futebol Clube,1989,1990
http://www.wikidata.org/entity/Q483577,Rivaldo,http://www.wikidata.org/entity/Q508440,Santa Cruz Futebol Clube,1991,1992
http://www.wikidata.org/entity/Q483577,Rivaldo,http://www.wikidata.org/entity/Q2419887,Mogi Mirim Esporte Clube,1992,1993
http://www.wikidata.org/entity/Q483577,Rivaldo,http://www.wikidata.org/entity/Q35933,Corinthians Paulista,1993,1994
http://www.wikidata.org/entity/Q483577,Rivaldo,http://www.wikidata.org/entity/Q80964,SE Palmeiras,1994,1996
http://www.wikidata.org/entity/Q483577,Rivaldo,http://www.wikidata.org/entity/Q8760,Deportivo LC,1996,1997
http://www.wikidata.org/entity/Q483577,Rivaldo,http://www.wikidata.org/entity/Q1543,AC Milan,2002,2003
http://www.wikidata.org/entity/Q483577,Rivaldo,http://www.wikidata.org/entity/Q188277,Cruzeiro EC,2004,2004
http://www.wikidata.org/entity/Q483577,Rivaldo,http://www.wikidata.org/entity/Q628763,FK Bunyodkor,2008,2010
http://www.wikidata.org/entity/Q483577,Rivaldo,http://www.wikidata.org/entity/Q2419887,Mogi Mirim Esporte Clube,2010,2011
http://www.wikidata.org/entity/Q483577,Rivaldo,http://www.wikidata.org/entity/Q38568,São Paulo FC,2011,2011
http://www.wikidata.org/entity/Q483577,Rivaldo,http://www.wikidata.org/entity/Q693297,Kabuscorp Sport Clube do Palanca,2012,2012
http://www.wikidata.org/entity/Q483577,Rivaldo,http://www.wikidata.org/entity/Q290940,Associação Desportiva São Caetano,2013,2013
http://www.wikidata.org/entity/Q483577,Rivaldo,http://www.wikidata.org/entity/Q2419887,Mogi Mirim Esporte Clube,2014,2014
http://www.wikidata.org/entity/Q483577,Rivaldo,http://www.wikidata.org/entity/Q2419887,Mogi Mirim Esporte Clube,2015,2015
http://www.wikidata.org/entity/Q220283,Rivelino,http://www.wikidata.org/entity/Q35933,Corinthians Paulista,1965,1974
http://www.wikidata.org/entity/Q220283,Rivelino,http://www.wikidata.org/entity/Q80987,Fluminense FC,1974,1978
http://www.wikidata.org/entity/Q220283,Rivelino,http://www.wikidata.org/entity/Q73965,Al-Hilal SFC,1979,1981
http://www.wikidata.org/entity/Q8338725,Riyad Mahrez,http://www.wikidata.org/entity/Q1431996,Quimper Kerfeunteun Football Club,2009,2010
http://www.wikidata.org/entity/Q8338725,Riyad Mahrez,http://www.wikidata.org/entity/Q328658,Le Havre AC,2011,2013
http://www.wikidata.org/entity/Q8338725,Riyad Mahrez,http://www.wikidata.org/entity/Q19481,Leicester City FC,2014,2018
http://www.wikidata.org/entity/Q8338725,Riyad Mahrez,http://www.wikidata.org/entity/Q50602,Manchester City FC,2018,2023
http://www.wikidata.org/entity/Q8338725,Riyad Mahrez,http://www.wikidata.org/entity/Q44441,Al-Ahli SC,2023,2026
http://www.wikidata.org/entity/Q184612,Robbie Keane,http://www.wikidata.org/entity/Q19500,Wolverhampton Wanderers F.C.,1997,1999
http://www.wikidata.org/entity/Q184612,Robbie Keane,http://www.wikidata.org/entity/Q19580,Coventry City FC,1999,2000
http://www.wikidata.org/entity/Q184612,Robbie Keane,http://www.wikidata.org/entity/Q631,FC Internazionale Milano,2000,2001
http://www.wikidata.org/entity/Q184612,Robbie Keane,http://www.wikidata.org/entity/Q1128631,Leeds United,2001,2001
http://www.wikidata.org/entity/Q184612,Robbie Keane,http://www.wikidata.org/entity/Q1128631,Leeds United,2001,2002
http://www.wikidata.org/entity/Q184612,Robbie Keane,http://www.wikidata.org/entity/Q18741,Tottenham Hotspur,2002,2008
http://www.wikidata.org/entity/Q184612,Robbie Keane,http://www.wikidata.org/entity/Q1130849,Liverpool FC,2008,2009
http://www.wikidata.org/entity/Q184612,Robbie Keane,http://www.wikidata.org/entity/Q18741,Tottenham Hotspur,2009,2011
http://www.wikidata.org/entity/Q184612,Robbie Keane,http://www.wikidata.org/entity/Q19593,Celtic FC,2010,2010
http://www.wikidata.org/entity/Q184612,Robbie Keane,http://www.wikidata.org/entity/Q204357,Galaxy de Los Angeles,2011,2016
http://www.wikidata.org/entity/Q184612,Robbie Keane,http://www.wikidata.org/entity/Q18747,West Ham United FC,2011,2011
http://www.wikidata.org/entity/Q184612,Robbie Keane,http://www.wikidata.org/entity/Q18711,Aston Villa FC,2012,2012
http://www.wikidata.org/entity/Q184612,Robbie Keane,http://www.wikidata.org/entity/Q16836329,ATK Football Club,2017,2018
http://www.wikidata.org/entity/Q113156,Robert Pires,http://www.wikidata.org/entity/Q208228,Stade de Reims,1991,1992
http://www.wikidata.org/entity/Q113156,Robert Pires,http://www.wikidata.org/entity/Q221525,FC Metz,1993,1998
http://www.wikidata.org/entity/Q113156,Robert Pires,http://www.wikidata.org/entity/Q132885,Olympique de Marseille,1998,2000
http://www.wikidata.org/entity/Q113156,Robert Pires,http://www.wikidata.org/entity/Q9617,Arsenal FC,2000,2006
http://www.wikidata.org/entity/Q113156,Robert Pires,http://www.wikidata.org/entity/Q12297,Villarreal Club de Fútbol,2006,2010
http://www.wikidata.org/entity/Q113156,Robert Pires,http://www.wikidata.org/entity/Q18711,Aston Villa FC,2010,2011
http://www.wikidata.org/entity/Q113156,Robert Pires,http://www.wikidata.org/entity/Q16839398,Football Club Goa,2014,2016
http://www.wikidata.org/entity/Q67964,Roberto Baggio,http://www.wikidata.org/entity/Q6630,Ascoli Calcio 1898 FC,,
http://www.wikidata.org/entity/Q67964,Roberto Baggio,http://www.wikidata.org/entity/Q8643,Vicenza Calcio,1982,1985
http://www.wikidata.org/entity/Q67964,Roberto Baggio,http://www.wikidata.org/entity/Q2052,ACF Fiorentina,1985,1990
http://www.wikidata.org/entity/Q67964,Roberto Baggio,http://www.wikidata.org/entity/Q1422,Juventus FC,1990,1995
http://www.wikidata.org/entity/Q67964,Roberto Baggio,http://www.wikidata.org/entity/Q1543,AC Milan,1995,1997
http://www.wikidata.org/entity/Q67964,Roberto Baggio,http://www.wikidata.org/entity/Q1893,Bologne FC 1909,1997,1998
http://www.wikidata.org/entity/Q67964,Roberto Baggio,http://www.wikidata.org/entity/Q631,FC Internazionale Milano,1998,2000
http://www.wikidata.org/entity/Q67964,Roberto Baggio,http://www.wikidata.org/entity/Q6651,Brescia Calcio,2000,2004
http://www.wikidata.org/entity/Q429039,Roberto Carlos,http://www.wikidata.org/entity/Q19353,Anji Makhatchkala,1,2012
http://www.wikidata.org/entity/Q429039,Roberto Carlos,http://www.wikidata.org/entity/Q2329137,União São João Esporte Clube,1991,1993
http://www.wikidata.org/entity/Q429039,Roberto Carlos,http://www.wikidata.org/entity/Q270995,Atlético Mineiro,1992,1992
http://www.wikidata.org/entity/Q429039,Roberto Carlos,http://www.wikidata.org/entity/Q80964,SE Palmeiras,1993,1995
http://www.wikidata.org/entity/Q429039,Roberto Carlos,http://www.wikidata.org/entity/Q631,FC Internazionale Milano,1995,1996
http://www.wikidata.org/entity/Q429039,Roberto Carlos,http://www.wikidata.org/entity/Q8682,Real Madrid CF,1996,2007
http://www.wikidata.org/entity/Q429039,Roberto Carlos,http://www.wikidata.org/entity/Q6601875,Fenerbahçe Istanbul,2007,2009
http://www.wikidata.org/entity/Q429039,Roberto Carlos,http://www.wikidata.org/entity/Q35933,Corinthians Paulista,2010,2011
http://www.wikidata.org/entity/Q429039,Roberto Carlos,http://www.wikidata.org/entity/Q16838244,Odisha FC,2015,2016
http://www.wikidata.org/entity/Q48330,Roberto Mancini,http://www.wikidata.org/entity/Q1893,Bologne FC 1909,1981,1982
http://www.wikidata.org/entity/Q48330,Roberto Mancini,http://www.wikidata.org/entity/Q1457,UC Sampdoria,1982,1997
http://www.wikidata.org/entity/Q48330,Roberto Mancini,http://www.wikidata.org/entity/Q2609,Società Sportiva Lazio,1997,2001
http://www.wikidata.org/entity/Q48330,Roberto Mancini,http://www.wikidata.org/entity/Q19481,Leicester City FC,2001,2001
http://www.wikidata.org/entity/Q2339,Robin van Persie,http://www.wikidata.org/entity/Q134241,Feyenoord Rotterdam,2001,2004
http://www.wikidata.org/entity/Q2339,Robin van Persie,http://www.wikidata.org/entity/Q9617,Arsenal FC,2003,2012
http://www.wikidata.org/entity/Q2339,Robin van Persie,http://www.wikidata.org/entity/Q18656,Manchester United FC,2012,2015
http://www.wikidata.org/entity/Q2339,Robin van Persie,http://www.wikidata.org/entity/Q6601875,Fenerbahçe Istanbul,2015,2018
http://www.wikidata.org/entity/Q2339,Robin van Persie,http://www.wikidata.org/entity/Q134241,Feyenoord Rotterdam,2018,2019
http://www.wikidata.org/entity/Q58441,Robinho,http://www.wikidata.org/entity/Q80955,Santos FC,2002,2005
http://www.wikidata.org/entity/Q58441,Robinho,http://www.wikidata.org/entity/Q8682,Real Madrid CF,2005,2008
http://www.wikidata.org/entity/Q58441,Robinho,http://www.wikidata.org/entity/Q50602,Manchester City FC,2008,2010
http://www.wikidata.org/entity/Q58441,Robinho,http://www.wikidata.org/entity/Q1543,AC Milan,2010,2015
http://www.wikidata.org/entity/Q58441,Robinho,http://www.wikidata.org/entity/Q80955,Santos FC,2010,2010
http://www.wikidata.org/entity/Q58441,Robinho,http://www.wikidata.org/entity/Q80955,Santos FC,2014,2015
http://www.wikidata.org/entity/Q58441,Robinho,http://www.wikidata.org/entity/Q130521,Guangzhou Football Club,2015,2015
http://www.wikidata.org/entity/Q58441,Robinho,http://www.wikidata.org/entity/Q270995,Atlético Mineiro,2016,2017
http://www.wikidata.org/entity/Q58441,Robinho,http://www.wikidata.org/entity/Q372599,Sivasspor,2018,2018
http://www.wikidata.org/entity/Q58441,Robinho,http://www.wikidata.org/entity/Q857938,İstanbul BB,2019,2020
http://www.wikidata.org/entity/Q58441,Robinho,http://www.wikidata.org/entity/Q80955,Santos FC,2020,2020
http://www.wikidata.org/entity/Q168029,Roman Pavlioutchenko,http://www.wikidata.org/entity/Q1269120,Dinamo Stavropol,1998,1999
http://www.wikidata.org/entity/Q168029,Roman Pavlioutchenko,http://www.wikidata.org/entity/Q1059186,Rotor Volgograd,2000,2002
http://www.wikidata.org/entity/Q168029,Roman Pavlioutchenko,http://www.wikidata.org/entity/Q29112,Spartak Moscou,2003,2008
http://www.wikidata.org/entity/Q168029,Roman Pavlioutchenko,http://www.wikidata.org/entity/Q18741,Tottenham Hotspur,2008,2012
http://www.wikidata.org/entity/Q168029,Roman Pavlioutchenko,http://www.wikidata.org/entity/Q29115,Lokomotiv Moscou,2012,2015
http://www.wikidata.org/entity/Q168029,Roman Pavlioutchenko,http://www.wikidata.org/entity/Q29103,Kouban Krasnodar,2015,2016
http://www.wikidata.org/entity/Q168029,Roman Pavlioutchenko,http://www.wikidata.org/entity/Q889348,Oural Iekaterinbourg,2016,2017
http://www.wikidata.org/entity/Q168029,Roman Pavlioutchenko,http://www.wikidata.org/entity/Q30093903,Ararat Moscou,2017,2017
http://www.wikidata.org/entity/Q168029,Roman Pavlioutchenko,http://www.wikidata.org/entity/Q4192898,Krasnoïé Znamia Noguinsk,2018,2022
http://www.wikidata.org/entity/Q178649,Romário,http://www.wikidata.org/entity/Q81888,Ajax Amsterdam,,
http://www.wikidata.org/entity/Q178649,Romário,http://www.wikidata.org/entity/Q5014111,CR Vasco da Gama,1985,1988
http://www.wikidata.org/entity/Q178649,Romário,http://www.wikidata.org/entity/Q11938,PSV Eindhoven,1988,1993
http://www.wikidata.org/entity/Q178649,Romário,http://www.wikidata.org/entity/Q17479,Clube de Regatas do Flamengo,1995,1996
http://www.wikidata.org/entity/Q178649,Romário,http://www.wikidata.org/entity/Q10333,Valence CF,1996,1997
http://www.wikidata.org/entity/Q178649,Romário,http://www.wikidata.org/entity/Q17479,Clube de Regatas do Flamengo,1997,1997
http://www.wikidata.org/entity/Q178649,Romário,http://www.wikidata.org/entity/Q17479,Clube de Regatas do Flamengo,1998,1999
http://www.wikidata.org/entity/Q178649,Romário,http://www.wikidata.org/entity/Q5014111,CR Vasco da Gama,2000,2002
http://www.wikidata.org/entity/Q178649,Romário,http://www.wikidata.org/entity/Q80987,Fluminense FC,2002,2004
http://www.wikidata.org/entity/Q178649,Romário,http://www.wikidata.org/entity/Q283545,Al-Sadd SC,2003,2003
http://www.wikidata.org/entity/Q178649,Romário,http://www.wikidata.org/entity/Q5014111,CR Vasco da Gama,2005,2006
http://www.wikidata.org/entity/Q178649,Romário,http://www.wikidata.org/entity/Q354059,Adelaide United Football Club,2006,2006
http://www.wikidata.org/entity/Q178649,Romário,http://www.wikidata.org/entity/Q972741,Strikers de Fort Lauderdale,2006,2006
http://www.wikidata.org/entity/Q178649,Romário,http://www.wikidata.org/entity/Q5014111,CR Vasco da Gama,2007,2007
http://www.wikidata.org/entity/Q178649,Romário,http://www.wikidata.org/entity/Q463147,America FC,2009,2009
http://www.wikidata.org/entity/Q192635,Ronald Koeman,http://www.wikidata.org/entity/Q24711,FC Groningue,1980,1983
http://www.wikidata.org/entity/Q192635,Ronald Koeman,http://www.wikidata.org/entity/Q81888,Ajax Amsterdam,1983,1986
http://www.wikidata.org/entity/Q192635,Ronald Koeman,http://www.wikidata.org/entity/Q11938,PSV Eindhoven,1986,1989
http://www.wikidata.org/entity/Q192635,Ronald Koeman,http://www.wikidata.org/entity/Q134241,Feyenoord Rotterdam,1995,1997
http://www.wikidata.org/entity/Q39444,Ronaldinho,http://www.wikidata.org/entity/Q221695,Gremio Foot-Ball Porto Alegrense,1998,2001
http://www.wikidata.org/entity/Q39444,Ronaldinho,http://www.wikidata.org/entity/Q483020,Paris Saint-Germain FC,2001,2003
http://www.wikidata.org/entity/Q39444,Ronaldinho,http://www.wikidata.org/entity/Q1543,AC Milan,2008,2010
http://www.wikidata.org/entity/Q39444,Ronaldinho,http://www.wikidata.org/entity/Q17479,Clube de Regatas do Flamengo,2011,2012
http://www.wikidata.org/entity/Q39444,Ronaldinho,http://www.wikidata.org/entity/Q270995,Atlético Mineiro,2012,2014
http://www.wikidata.org/entity/Q39444,Ronaldinho,http://www.wikidata.org/entity/Q606210,Querétaro FC,2014,2015
http://www.wikidata.org/entity/Q39444,Ronaldinho,http://www.wikidata.org/entity/Q80987,Fluminense FC,2015,2015
http://www.wikidata.org/entity/Q529207,Ronaldo,http://www.wikidata.org/entity/Q188277,Cruzeiro EC,1993,1994
http://www.wikidata.org/entity/Q529207,Ronaldo,http://www.wikidata.org/entity/Q11938,PSV Eindhoven,1994,1996
http://www.wikidata.org/entity/Q529207,Ronaldo,http://www.wikidata.org/entity/Q631,FC Internazionale Milano,1997,2002
http://www.wikidata.org/entity/Q529207,Ronaldo,http://www.wikidata.org/entity/Q8682,Real Madrid CF,2002,2007
http://www.wikidata.org/entity/Q529207,Ronaldo,http://www.wikidata.org/entity/Q1543,AC Milan,2007,2008
http://www.wikidata.org/entity/Q529207,Ronaldo,http://www.wikidata.org/entity/Q35933,Corinthians Paulista,2009,2011
http://www.wikidata.org/entity/Q188632,Roy Keane,http://www.wikidata.org/entity/Q1104682,Cobh Ramblers Football Club,1989,1990
http://www.wikidata.org/entity/Q188632,Roy Keane,http://www.wikidata.org/entity/Q19490,Nottingham Forest FC,1990,1993
http://www.wikidata.org/entity/Q188632,Roy Keane,http://www.wikidata.org/entity/Q18656,Manchester United FC,1993,2005
http://www.wikidata.org/entity/Q188632,Roy Keane,http://www.wikidata.org/entity/Q19593,Celtic FC,2005,2006
http://www.wikidata.org/entity/Q44464,Rudi Völler,http://www.wikidata.org/entity/Q159936,Kickers Offenbach,1977,1980
http://www.wikidata.org/entity/Q44464,Rudi Völler,http://www.wikidata.org/entity/Q131603,TSV Munich 1860,1980,1982
http://www.wikidata.org/entity/Q44464,Rudi Völler,http://www.wikidata.org/entity/Q51976,Werder Brême,1982,1987
http://www.wikidata.org/entity/Q44464,Rudi Völler,http://www.wikidata.org/entity/Q2739,AS Rome,1987,1992
http://www.wikidata.org/entity/Q44464,Rudi Völler,http://www.wikidata.org/entity/Q132885,Olympique de Marseille,1992,1994
http://www.wikidata.org/entity/Q44464,Rudi Völler,http://www.wikidata.org/entity/Q104761,Bayer Leverkusen,1994,1996
http://www.wikidata.org/entity/Q190608,Rui Costa,http://www.wikidata.org/entity/Q131499,SL Benfica,1990,1994
http://www.wikidata.org/entity/Q190608,Rui Costa,http://www.wikidata.org/entity/Q290860,Associação Desportiva de Fafe,1990,1991
http://www.wikidata.org/entity/Q190608,Rui Costa,http://www.wikidata.org/entity/Q2052,ACF Fiorentina,1994,2001
http://www.wikidata.org/entity/Q190608,Rui Costa,http://www.wikidata.org/entity/Q1543,AC Milan,2001,2006
http://www.wikidata.org/entity/Q190608,Rui Costa,http://www.wikidata.org/entity/Q131499,SL Benfica,2006,2008
http://www.wikidata.org/entity/Q294980,Rui Patrício,http://www.wikidata.org/entity/Q75729,Sporting Clube de Portugal,2006,2018
http://www.wikidata.org/entity/Q294980,Rui Patrício,http://www.wikidata.org/entity/Q19500,Wolverhampton Wanderers F.C.,2018,2021
http://www.wikidata.org/entity/Q294980,Rui Patrício,http://www.wikidata.org/entity/Q2739,AS Rome,2021,2024
http://www.wikidata.org/entity/Q294980,Rui Patrício,http://www.wikidata.org/entity/Q1886,Atalanta Bergame,2024,2025
http://www.wikidata.org/entity/Q294980,Rui Patrício,http://www.wikidata.org/entity/Q812720,Al-Aïn Football Club,2025,2025
http://www.wikidata.org/entity/Q173972,Ruud Gullit,http://www.wikidata.org/entity/Q478766,Door Wilskracht Sterk Amsterdam,1975,1979
http://www.wikidata.org/entity/Q173972,Ruud Gullit,http://www.wikidata.org/entity/Q478766,Door Wilskracht Sterk Amsterdam,1975,1979
http://www.wikidata.org/entity/Q173972,Ruud Gullit,http://www.wikidata.org/entity/Q854141,HFC Haarlem,1979,1982
http://www.wikidata.org/entity/Q173972,Ruud Gullit,http://www.wikidata.org/entity/Q134241,Feyenoord Rotterdam,1982,1985
http://www.wikidata.org/entity/Q173972,Ruud Gullit,http://www.wikidata.org/entity/Q11938,PSV Eindhoven,1985,1987
http://www.wikidata.org/entity/Q173972,Ruud Gullit,http://www.wikidata.org/entity/Q1543,AC Milan,1987,1993
http://www.wikidata.org/entity/Q173972,Ruud Gullit,http://www.wikidata.org/entity/Q1457,UC Sampdoria,1993,1994
http://www.wikidata.org/entity/Q173972,Ruud Gullit,http://www.wikidata.org/entity/Q1543,AC Milan,1994,1994
http://www.wikidata.org/entity/Q173972,Ruud Gullit,http://www.wikidata.org/entity/Q1457,UC Sampdoria,1994,1995
http://www.wikidata.org/entity/Q173972,Ruud Gullit,http://www.wikidata.org/entity/Q9616,Chelsea FC,1995,1998
http://www.wikidata.org/entity/Q45626,Ruud van Nistelrooy,http://www.wikidata.org/entity/Q875169,FC Den Bosch,1993,1997
http://www.wikidata.org/entity/Q45626,Ruud van Nistelrooy,http://www.wikidata.org/entity/Q200321,SC Heerenveen,1997,1998
http://www.wikidata.org/entity/Q45626,Ruud van Nistelrooy,http://www.wikidata.org/entity/Q11938,PSV Eindhoven,1998,2001
http://www.wikidata.org/entity/Q45626,Ruud van Nistelrooy,http://www.wikidata.org/entity/Q18656,Manchester United FC,2001,2006
http://www.wikidata.org/entity/Q45626,Ruud van Nistelrooy,http://www.wikidata.org/entity/Q8682,Real Madrid CF,2006,2010
http://www.wikidata.org/entity/Q45626,Ruud van Nistelrooy,http://www.wikidata.org/entity/Q51974,Hambourg SV,2010,2011
http://www.wikidata.org/entity/Q45626,Ruud van Nistelrooy,http://www.wikidata.org/entity/Q8857,Málaga CF,2011,2012
http://www.wikidata.org/entity/Q184218,Ryan Babel,http://www.wikidata.org/entity/Q81888,Ajax Amsterdam,2004,2007
http://www.wikidata.org/entity/Q184218,Ryan Babel,http://www.wikidata.org/entity/Q1130849,Liverpool FC,2007,2011
http://www.wikidata.org/entity/Q184218,Ryan Babel,http://www.wikidata.org/entity/Q22707,TSG 1899 Hoffenheim,2011,2012
http://www.wikidata.org/entity/Q184218,Ryan Babel,http://www.wikidata.org/entity/Q81888,Ajax Amsterdam,2012,2013
http://www.wikidata.org/entity/Q184218,Ryan Babel,http://www.wikidata.org/entity/Q138230,Kasımpaşa SK,2013,2015
http://www.wikidata.org/entity/Q184218,Ryan Babel,http://www.wikidata.org/entity/Q8760,Deportivo LC,2015,2015
http://www.wikidata.org/entity/Q184218,Ryan Babel,http://www.wikidata.org/entity/Q812720,Al-Aïn Football Club,2015,2015
http://www.wikidata.org/entity/Q184218,Ryan Babel,http://www.wikidata.org/entity/Q172567,Beşiktaş JK,2016,2019
http://www.wikidata.org/entity/Q184218,Ryan Babel,http://www.wikidata.org/entity/Q18708,Fulham FC,2019,2019
http://www.wikidata.org/entity/Q184218,Ryan Babel,http://www.wikidata.org/entity/Q495299,Galatasaray SK,2019,2022
http://www.wikidata.org/entity/Q184218,Ryan Babel,http://www.wikidata.org/entity/Q118919,Eyüpspor,2022,2023
http://www.wikidata.org/entity/Q10524,Ryan Giggs,http://www.wikidata.org/entity/Q18656,Manchester United FC,1990,2014
http://www.wikidata.org/entity/Q180462,Salomon Kalou,http://www.wikidata.org/entity/Q852266,ASEC Mimosas,2002,2003
http://www.wikidata.org/entity/Q180462,Salomon Kalou,http://www.wikidata.org/entity/Q134241,Feyenoord Rotterdam,2003,2006
http://www.wikidata.org/entity/Q180462,Salomon Kalou,http://www.wikidata.org/entity/Q370712,Excelsior Rotterdam,2004,2004
http://www.wikidata.org/entity/Q180462,Salomon Kalou,http://www.wikidata.org/entity/Q9616,Chelsea FC,2006,2012
http://www.wikidata.org/entity/Q180462,Salomon Kalou,http://www.wikidata.org/entity/Q19516,Lille OSC,2012,2014
http://www.wikidata.org/entity/Q180462,Salomon Kalou,http://www.wikidata.org/entity/Q102720,Hertha BSC,2014,2020
http://www.wikidata.org/entity/Q180462,Salomon Kalou,http://www.wikidata.org/entity/Q80958,Botafogo FR,2020,2021
http://www.wikidata.org/entity/Q180462,Salomon Kalou,http://www.wikidata.org/entity/Q16539606,Association sportive Arta/Solar7,2022,2024
http://www.wikidata.org/entity/Q295307,Salvatore Schillaci,http://www.wikidata.org/entity/Q29390,ACR Messine,1982,1989
http://www.wikidata.org/entity/Q295307,Salvatore Schillaci,http://www.wikidata.org/entity/Q1422,Juventus FC,1989,1992
http://www.wikidata.org/entity/Q295307,Salvatore Schillaci,http://www.wikidata.org/entity/Q631,FC Internazionale Milano,1992,1994
http://www.wikidata.org/entity/Q295307,Salvatore Schillaci,http://www.wikidata.org/entity/Q855401,Júbilo Iwata,1994,1997
http://www.wikidata.org/entity/Q295307,Salvatore Schillaci,http://www.wikidata.org/entity/Q4004981,Unione Sportiva Altamura,2008,2008
http://www.wikidata.org/entity/Q54094,Sami Khedira,http://www.wikidata.org/entity/Q4512,VfB Stuttgart,2006,2010
http://www.wikidata.org/entity/Q54094,Sami Khedira,http://www.wikidata.org/entity/Q8682,Real Madrid CF,2010,2015
http://www.wikidata.org/entity/Q54094,Sami Khedira,http://www.wikidata.org/entity/Q1422,Juventus FC,2015,2021
http://www.wikidata.org/entity/Q54094,Sami Khedira,http://www.wikidata.org/entity/Q102720,Hertha BSC,2021,2021
http://www.wikidata.org/entity/Q1920,Samir Nasri,http://www.wikidata.org/entity/Q132885,Olympique de Marseille,2004,2008
http://www.wikidata.org/entity/Q1920,Samir Nasri,http://www.wikidata.org/entity/Q9617,Arsenal FC,2008,2011
http://www.wikidata.org/entity/Q1920,Samir Nasri,http://www.wikidata.org/entity/Q50602,Manchester City FC,2011,2017
http://www.wikidata.org/entity/Q1920,Samir Nasri,http://www.wikidata.org/entity/Q10329,Sevilla Fútbol Club,2016,2017
http://www.wikidata.org/entity/Q1920,Samir Nasri,http://www.wikidata.org/entity/Q43710,Antalyaspor,2017,2018
http://www.wikidata.org/entity/Q1920,Samir Nasri,http://www.wikidata.org/entity/Q18747,West Ham United FC,2018,2019
http://www.wikidata.org/entity/Q1920,Samir Nasri,http://www.wikidata.org/entity/Q187528,RSC Anderlecht,2019,2020
http://www.wikidata.org/entity/Q1255625,Samuel Eto'o,http://www.wikidata.org/entity/Q8682,Real Madrid CF,1997,2000
http://www.wikidata.org/entity/Q1255625,Samuel Eto'o,http://www.wikidata.org/entity/Q856119,Club Deportivo Leganés,1997,1998
http://www.wikidata.org/entity/Q1255625,Samuel Eto'o,http://www.wikidata.org/entity/Q8780,RCD Espanyol,1999,1999
http://www.wikidata.org/entity/Q1255625,Samuel Eto'o,http://www.wikidata.org/entity/Q8835,RCD Majorque,2000,2000
http://www.wikidata.org/entity/Q1255625,Samuel Eto'o,http://www.wikidata.org/entity/Q8835,RCD Majorque,2000,2004
http://www.wikidata.org/entity/Q1255625,Samuel Eto'o,http://www.wikidata.org/entity/Q631,FC Internazionale Milano,2009,2011
http://www.wikidata.org/entity/Q1255625,Samuel Eto'o,http://www.wikidata.org/entity/Q19353,Anji Makhatchkala,2011,2013
http://www.wikidata.org/entity/Q1255625,Samuel Eto'o,http://www.wikidata.org/entity/Q9616,Chelsea FC,2013,2014
http://www.wikidata.org/entity/Q1255625,Samuel Eto'o,http://www.wikidata.org/entity/Q5794,Everton FC,2014,2015
http://www.wikidata.org/entity/Q1255625,Samuel Eto'o,http://www.wikidata.org/entity/Q1457,UC Sampdoria,2015,2015
http://www.wikidata.org/entity/Q1255625,Samuel Eto'o,http://www.wikidata.org/entity/Q43710,Antalyaspor,2015,2018
http://www.wikidata.org/entity/Q1255625,Samuel Eto'o,http://www.wikidata.org/entity/Q513840,Konyaspor,2018,2018
http://www.wikidata.org/entity/Q1255625,Samuel Eto'o,http://www.wikidata.org/entity/Q1051203,Qatar Sports Club,2018,2019
http://www.wikidata.org/entity/Q13308,Samuel Umtiti,http://www.wikidata.org/entity/Q704,Olympique lyonnais,2012,2016
http://www.wikidata.org/entity/Q13308,Samuel Umtiti,http://www.wikidata.org/entity/Q13391,Unione Sportiva Lecce,2022,2023
http://www.wikidata.org/entity/Q13308,Samuel Umtiti,http://www.wikidata.org/entity/Q19516,Lille OSC,2023,2025
http://www.wikidata.org/entity/Q185225,Santiago Cazorla,http://www.wikidata.org/entity/Q12297,Villarreal Club de Fútbol,2003,2006
http://www.wikidata.org/entity/Q185225,Santiago Cazorla,http://www.wikidata.org/entity/Q1094113,Villarreal Club de Fútbol B,2003,2004
http://www.wikidata.org/entity/Q185225,Santiago Cazorla,http://www.wikidata.org/entity/Q12249,Recreativo de Huelva,2006,2007
http://www.wikidata.org/entity/Q185225,Santiago Cazorla,http://www.wikidata.org/entity/Q12297,Villarreal Club de Fútbol,2007,2011
http://www.wikidata.org/entity/Q185225,Santiago Cazorla,http://www.wikidata.org/entity/Q8857,Málaga CF,2011,2012
http://www.wikidata.org/entity/Q185225,Santiago Cazorla,http://www.wikidata.org/entity/Q9617,Arsenal FC,2012,2018
http://www.wikidata.org/entity/Q185225,Santiago Cazorla,http://www.wikidata.org/entity/Q12297,Villarreal Club de Fútbol,2018,2020
http://www.wikidata.org/entity/Q185225,Santiago Cazorla,http://www.wikidata.org/entity/Q283545,Al-Sadd SC,2020,2023
http://www.wikidata.org/entity/Q185225,Santiago Cazorla,http://www.wikidata.org/entity/Q271574,Real Oviedo,2023,2026
http://www.wikidata.org/entity/Q331963,Seigo Narazaki,http://www.wikidata.org/entity/Q1368488,Yokohama Flügels,1995,1998
http://www.wikidata.org/entity/Q331963,Seigo Narazaki,http://www.wikidata.org/entity/Q249662,Nagoya Grampus,1999,2018
http://www.wikidata.org/entity/Q59490,Serge Gnabry,http://www.wikidata.org/entity/Q9617,Arsenal FC,2012,2016
http://www.wikidata.org/entity/Q59490,Serge Gnabry,http://www.wikidata.org/entity/Q18744,West Bromwich Albion,2015,2016
http://www.wikidata.org/entity/Q59490,Serge Gnabry,http://www.wikidata.org/entity/Q51976,Werder Brême,2016,2017
http://www.wikidata.org/entity/Q59490,Serge Gnabry,http://www.wikidata.org/entity/Q15789,Bayern Munich,2017,
http://www.wikidata.org/entity/Q59490,Serge Gnabry,http://www.wikidata.org/entity/Q22707,TSG 1899 Hoffenheim,2017,2018
http://www.wikidata.org/entity/Q703269,Sergi Roberto,http://www.wikidata.org/entity/Q10467,FC Barcelone B,2009,2013
http://www.wikidata.org/entity/Q703269,Sergi Roberto,http://www.wikidata.org/entity/Q1120838,Côme 1907,2024,2026
http://www.wikidata.org/entity/Q49704,Sergio Busquets,http://www.wikidata.org/entity/Q112841087,Q112841087,1995,1996
http://www.wikidata.org/entity/Q49704,Sergio Busquets,http://www.wikidata.org/entity/Q112841080,Q112841080,1996,1999
http://www.wikidata.org/entity/Q49704,Sergio Busquets,http://www.wikidata.org/entity/Q837218,UE Lleida,1999,2003
http://www.wikidata.org/entity/Q49704,Sergio Busquets,http://www.wikidata.org/entity/Q112840839,UFB Jàbac i Terrassa,2003,2005
http://www.wikidata.org/entity/Q49704,Sergio Busquets,http://www.wikidata.org/entity/Q2346842,FC Barcelone C,2006,2006
http://www.wikidata.org/entity/Q49704,Sergio Busquets,http://www.wikidata.org/entity/Q10467,FC Barcelone B,2007,2008
http://www.wikidata.org/entity/Q49704,Sergio Busquets,http://www.wikidata.org/entity/Q16844931,Inter Miami CF,2023,2025
http://www.wikidata.org/entity/Q483309,Sergio Ramos,http://www.wikidata.org/entity/Q10329,Sevilla Fútbol Club,2004,2005
http://www.wikidata.org/entity/Q483309,Sergio Ramos,http://www.wikidata.org/entity/Q8682,Real Madrid CF,2005,2021
http://www.wikidata.org/entity/Q483309,Sergio Ramos,http://www.wikidata.org/entity/Q483020,Paris Saint-Germain FC,2021,2023
http://www.wikidata.org/entity/Q483309,Sergio Ramos,http://www.wikidata.org/entity/Q10329,Sevilla Fútbol Club,2023,2024
http://www.wikidata.org/entity/Q483309,Sergio Ramos,http://www.wikidata.org/entity/Q768253,CF Monterrey,2025,2025
http://www.wikidata.org/entity/Q215463,Sergio Romero,http://www.wikidata.org/entity/Q276533,Racing Club de Avellaneda,2006,2007
http://www.wikidata.org/entity/Q215463,Sergio Romero,http://www.wikidata.org/entity/Q191264,AZ Alkmaar,2007,2011
http://www.wikidata.org/entity/Q215463,Sergio Romero,http://www.wikidata.org/entity/Q1457,UC Sampdoria,2011,2015
http://www.wikidata.org/entity/Q215463,Sergio Romero,http://www.wikidata.org/entity/Q180305,AS Monaco FC,2013,2014
http://www.wikidata.org/entity/Q215463,Sergio Romero,http://www.wikidata.org/entity/Q18656,Manchester United FC,2015,2021
http://www.wikidata.org/entity/Q215463,Sergio Romero,http://www.wikidata.org/entity/Q501245,Venise Football Club,2021,2022
http://www.wikidata.org/entity/Q215463,Sergio Romero,http://www.wikidata.org/entity/Q220621,Argentinos Juniors,2025,2025
http://www.wikidata.org/entity/Q154708,Shinji Kagawa,http://www.wikidata.org/entity/Q855809,Cerezo Osaka,2006,2010
http://www.wikidata.org/entity/Q154708,Shinji Kagawa,http://www.wikidata.org/entity/Q41420,BV 09 Borussia Dortmund,2010,2012
http://www.wikidata.org/entity/Q154708,Shinji Kagawa,http://www.wikidata.org/entity/Q18656,Manchester United FC,2012,2014
http://www.wikidata.org/entity/Q154708,Shinji Kagawa,http://www.wikidata.org/entity/Q41420,BV 09 Borussia Dortmund,2014,2019
http://www.wikidata.org/entity/Q154708,Shinji Kagawa,http://www.wikidata.org/entity/Q172567,Beşiktaş JK,2019,2019
http://www.wikidata.org/entity/Q154708,Shinji Kagawa,http://www.wikidata.org/entity/Q10308,Real Saragosse,2019,2020
http://www.wikidata.org/entity/Q154708,Shinji Kagawa,http://www.wikidata.org/entity/Q138248,K Saint-Trond VV,2022,2023
http://www.wikidata.org/entity/Q154708,Shinji Kagawa,http://www.wikidata.org/entity/Q855809,Cerezo Osaka,2023,
http://www.wikidata.org/entity/Q310612,Shinji Okazaki,http://www.wikidata.org/entity/Q823384,Shimizu S-Pulse,2005,2010
http://www.wikidata.org/entity/Q310612,Shinji Okazaki,http://www.wikidata.org/entity/Q4512,VfB Stuttgart,2011,2013
http://www.wikidata.org/entity/Q310612,Shinji Okazaki,http://www.wikidata.org/entity/Q105254,1. FSV Mayence 05,2013,2015
http://www.wikidata.org/entity/Q310612,Shinji Okazaki,http://www.wikidata.org/entity/Q19481,Leicester City FC,2015,2019
http://www.wikidata.org/entity/Q310612,Shinji Okazaki,http://www.wikidata.org/entity/Q11971,SD Huesca,2019,2021
http://www.wikidata.org/entity/Q310612,Shinji Okazaki,http://www.wikidata.org/entity/Q8857,Málaga CF,2019,2019
http://www.wikidata.org/entity/Q310612,Shinji Okazaki,http://www.wikidata.org/entity/Q611653,Fútbol Club Cartagena,2021,2022
http://www.wikidata.org/entity/Q310612,Shinji Okazaki,http://www.wikidata.org/entity/Q138248,K Saint-Trond VV,2022,2024
http://www.wikidata.org/entity/Q360580,Shinji Ono,http://www.wikidata.org/entity/Q218883,Urawa Red Diamonds,1998,2001
http://www.wikidata.org/entity/Q360580,Shinji Ono,http://www.wikidata.org/entity/Q134241,Feyenoord Rotterdam,2001,2005
http://www.wikidata.org/entity/Q360580,Shinji Ono,http://www.wikidata.org/entity/Q218883,Urawa Red Diamonds,2006,2007
http://www.wikidata.org/entity/Q360580,Shinji Ono,http://www.wikidata.org/entity/Q105861,VfL Bochum,2007,2010
http://www.wikidata.org/entity/Q360580,Shinji Ono,http://www.wikidata.org/entity/Q823384,Shimizu S-Pulse,2010,2012
http://www.wikidata.org/entity/Q360580,Shinji Ono,http://www.wikidata.org/entity/Q999035,Western Sydney Wanderers Football Club,2012,2014
http://www.wikidata.org/entity/Q360580,Shinji Ono,http://www.wikidata.org/entity/Q586787,Consadole Sapporo,2014,2019
http://www.wikidata.org/entity/Q360580,Shinji Ono,http://www.wikidata.org/entity/Q59645,FC Ryūkyū,2019,
http://www.wikidata.org/entity/Q982132,Shinzo Koroki,http://www.wikidata.org/entity/Q16932,Kashima Antlers,2005,2012
http://www.wikidata.org/entity/Q982132,Shinzo Koroki,http://www.wikidata.org/entity/Q218883,Urawa Red Diamonds,2013,
http://www.wikidata.org/entity/Q982132,Shinzo Koroki,http://www.wikidata.org/entity/Q586787,Consadole Sapporo,2022,2022
http://www.wikidata.org/entity/Q694014,Shkodran Mustafi,http://www.wikidata.org/entity/Q5794,Everton FC,2009,2012
http://www.wikidata.org/entity/Q694014,Shkodran Mustafi,http://www.wikidata.org/entity/Q1457,UC Sampdoria,2012,2014
http://www.wikidata.org/entity/Q694014,Shkodran Mustafi,http://www.wikidata.org/entity/Q10333,Valence CF,2014,2016
http://www.wikidata.org/entity/Q694014,Shkodran Mustafi,http://www.wikidata.org/entity/Q9617,Arsenal FC,2016,2021
http://www.wikidata.org/entity/Q694014,Shkodran Mustafi,http://www.wikidata.org/entity/Q32494,FC Schalke 04,2021,2021
http://www.wikidata.org/entity/Q694014,Shkodran Mustafi,http://www.wikidata.org/entity/Q8823,Levante UD,2021,2023
http://www.wikidata.org/entity/Q191138,Shunsuke Nakamura,http://www.wikidata.org/entity/Q854932,Yokohama F·Marinos,1997,2002
http://www.wikidata.org/entity/Q191138,Shunsuke Nakamura,http://www.wikidata.org/entity/Q8476,Reggina 1914,2002,2005
http://www.wikidata.org/entity/Q191138,Shunsuke Nakamura,http://www.wikidata.org/entity/Q19593,Celtic FC,2005,2009
http://www.wikidata.org/entity/Q191138,Shunsuke Nakamura,http://www.wikidata.org/entity/Q8780,RCD Espanyol,2009,2010
http://www.wikidata.org/entity/Q191138,Shunsuke Nakamura,http://www.wikidata.org/entity/Q854932,Yokohama F·Marinos,2010,2016
http://www.wikidata.org/entity/Q191138,Shunsuke Nakamura,http://www.wikidata.org/entity/Q855401,Júbilo Iwata,2017,2019
http://www.wikidata.org/entity/Q191138,Shunsuke Nakamura,http://www.wikidata.org/entity/Q1062259,Yokohama Football Club,2019,2022
http://www.wikidata.org/entity/Q17160970,Shōgo Taniguchi,http://www.wikidata.org/entity/Q138248,K Saint-Trond VV,,
http://www.wikidata.org/entity/Q17160970,Shōgo Taniguchi,http://www.wikidata.org/entity/Q874016,Kawasaki Frontale,2014,2022
http://www.wikidata.org/entity/Q17160970,Shōgo Taniguchi,http://www.wikidata.org/entity/Q311268,Al-Rayyan SC,2023,
http://www.wikidata.org/entity/Q558874,Shūichi Gonda,http://www.wikidata.org/entity/Q856619,Football Club Tokyo,2007,2015
http://www.wikidata.org/entity/Q558874,Shūichi Gonda,http://www.wikidata.org/entity/Q689889,SV Horn,2016,2016
http://www.wikidata.org/entity/Q558874,Shūichi Gonda,http://www.wikidata.org/entity/Q1051238,Sagan Tosu,2017,2018
http://www.wikidata.org/entity/Q558874,Shūichi Gonda,http://www.wikidata.org/entity/Q621120,Portimonense Sporting Clube,2019,2021
http://www.wikidata.org/entity/Q558874,Shūichi Gonda,http://www.wikidata.org/entity/Q823384,Shimizu S-Pulse,2021,2021
http://www.wikidata.org/entity/Q558874,Shūichi Gonda,http://www.wikidata.org/entity/Q823384,Shimizu S-Pulse,2022,
http://www.wikidata.org/entity/Q1924,Steve Mandanda,http://www.wikidata.org/entity/Q328658,Le Havre AC,2005,2008
http://www.wikidata.org/entity/Q1924,Steve Mandanda,http://www.wikidata.org/entity/Q132885,Olympique de Marseille,2007,2008
http://www.wikidata.org/entity/Q1924,Steve Mandanda,http://www.wikidata.org/entity/Q132885,Olympique de Marseille,2008,2016
http://www.wikidata.org/entity/Q1924,Steve Mandanda,http://www.wikidata.org/entity/Q19467,Crystal Palace FC,2016,2017
http://www.wikidata.org/entity/Q1924,Steve Mandanda,http://www.wikidata.org/entity/Q132885,Olympique de Marseille,2017,2022
http://www.wikidata.org/entity/Q1924,Steve Mandanda,http://www.wikidata.org/entity/Q19509,Stade rennais FC,2022,2025
http://www.wikidata.org/entity/Q459830,Steven Gerrard,http://www.wikidata.org/entity/Q1130849,Liverpool FC,1998,2015
http://www.wikidata.org/entity/Q459830,Steven Gerrard,http://www.wikidata.org/entity/Q204357,Galaxy de Los Angeles,2015,2016
http://www.wikidata.org/entity/Q193768,Sulley Muntari,http://www.wikidata.org/entity/Q603633,Liberty Professionals,,
http://www.wikidata.org/entity/Q193768,Sulley Muntari,http://www.wikidata.org/entity/Q2798,Udinese Calcio,2002,2007
http://www.wikidata.org/entity/Q193768,Sulley Muntari,http://www.wikidata.org/entity/Q19604,Portsmouth FC,2007,2008
http://www.wikidata.org/entity/Q193768,Sulley Muntari,http://www.wikidata.org/entity/Q631,FC Internazionale Milano,2008,2012
http://www.wikidata.org/entity/Q193768,Sulley Muntari,http://www.wikidata.org/entity/Q18739,Sunderland AFC,2011,2011
http://www.wikidata.org/entity/Q193768,Sulley Muntari,http://www.wikidata.org/entity/Q1543,AC Milan,2012,2015
http://www.wikidata.org/entity/Q193768,Sulley Muntari,http://www.wikidata.org/entity/Q1543,AC Milan,2012,2012
http://www.wikidata.org/entity/Q193768,Sulley Muntari,http://www.wikidata.org/entity/Q309480,Ittihad FC,2015,2016
http://www.wikidata.org/entity/Q193768,Sulley Muntari,http://www.wikidata.org/entity/Q2710,Delfino Pescara,2017,2017
http://www.wikidata.org/entity/Q193768,Sulley Muntari,http://www.wikidata.org/entity/Q8760,Deportivo LC,2018,2018
http://www.wikidata.org/entity/Q193768,Sulley Muntari,http://www.wikidata.org/entity/Q576285,Albacete Balompié,2019,2019
http://www.wikidata.org/entity/Q193768,Sulley Muntari,http://www.wikidata.org/entity/Q339560,Hearts of Oak Sporting Club,2022,2022
http://www.wikidata.org/entity/Q561004,Sunil Chhetri,http://www.wikidata.org/entity/Q935022,Mohun Bagan Athletic Club,2002,2005
http://www.wikidata.org/entity/Q561004,Sunil Chhetri,http://www.wikidata.org/entity/Q1471007,JCT Mills,2005,2008
http://www.wikidata.org/entity/Q561004,Sunil Chhetri,http://www.wikidata.org/entity/Q1148720,Dempo Sports Club,2009,2010
http://www.wikidata.org/entity/Q561004,Sunil Chhetri,http://www.wikidata.org/entity/Q329812,Sporting de Kansas City,2010,2010
http://www.wikidata.org/entity/Q561004,Sunil Chhetri,http://www.wikidata.org/entity/Q1074673,Prayag United S.C.,2011,2011
http://www.wikidata.org/entity/Q561004,Sunil Chhetri,http://www.wikidata.org/entity/Q935022,Mohun Bagan Athletic Club,2011,2012
http://www.wikidata.org/entity/Q561004,Sunil Chhetri,http://www.wikidata.org/entity/Q3494112,Sporting Clube de Portugal B,2012,2013
http://www.wikidata.org/entity/Q561004,Sunil Chhetri,http://www.wikidata.org/entity/Q1089889,Churchill Brothers Sports Club,2013,2013
http://www.wikidata.org/entity/Q561004,Sunil Chhetri,http://www.wikidata.org/entity/Q16243716,Bengaluru Football Club,2013,2015
http://www.wikidata.org/entity/Q561004,Sunil Chhetri,http://www.wikidata.org/entity/Q16845355,Mumbai City Football Club,2015,2015
http://www.wikidata.org/entity/Q561004,Sunil Chhetri,http://www.wikidata.org/entity/Q16845355,Mumbai City Football Club,2016,
http://www.wikidata.org/entity/Q561004,Sunil Chhetri,http://www.wikidata.org/entity/Q16243716,Bengaluru Football Club,2016,2016
http://www.wikidata.org/entity/Q218369,Sven-Göran Eriksson,http://www.wikidata.org/entity/Q10700351,Torsby IF,,
http://www.wikidata.org/entity/Q218369,Sven-Göran Eriksson,http://www.wikidata.org/entity/Q1672796,SK Sifhälla,1971,1972
http://www.wikidata.org/entity/Q218369,Sven-Göran Eriksson,http://www.wikidata.org/entity/Q1136337,KB Karlskoga FF,1972,1973
http://www.wikidata.org/entity/Q102331,Sócrates,http://www.wikidata.org/entity/Q769189,Torredonjimeno CF,,
http://www.wikidata.org/entity/Q102331,Sócrates,http://www.wikidata.org/entity/Q2332493,Botafogo Futebol Clube,1974,1978
http://www.wikidata.org/entity/Q102331,Sócrates,http://www.wikidata.org/entity/Q35933,Corinthians Paulista,1978,1984
http://www.wikidata.org/entity/Q102331,Sócrates,http://www.wikidata.org/entity/Q2052,ACF Fiorentina,1984,1985
http://www.wikidata.org/entity/Q102331,Sócrates,http://www.wikidata.org/entity/Q17479,Clube de Regatas do Flamengo,1986,1987
http://www.wikidata.org/entity/Q102331,Sócrates,http://www.wikidata.org/entity/Q80955,Santos FC,1988,1989
http://www.wikidata.org/entity/Q102331,Sócrates,http://www.wikidata.org/entity/Q2332493,Botafogo Futebol Clube,1989,1989
http://www.wikidata.org/entity/Q102331,Sócrates,http://www.wikidata.org/entity/Q18318,Garforth Town A.F.C.,2004,2004
http://www.wikidata.org/entity/Q61886,Takashi Inui,http://www.wikidata.org/entity/Q854932,Yokohama F·Marinos,2007,2009
http://www.wikidata.org/entity/Q61886,Takashi Inui,http://www.wikidata.org/entity/Q855809,Cerezo Osaka,2008,2008
http://www.wikidata.org/entity/Q61886,Takashi Inui,http://www.wikidata.org/entity/Q855809,Cerezo Osaka,2009,2011
http://www.wikidata.org/entity/Q61886,Takashi Inui,http://www.wikidata.org/entity/Q105861,VfL Bochum,2011,2012
http://www.wikidata.org/entity/Q61886,Takashi Inui,http://www.wikidata.org/entity/Q38245,Eintracht Francfort,2012,2015
http://www.wikidata.org/entity/Q61886,Takashi Inui,http://www.wikidata.org/entity/Q770740,SD Eibar,2015,2018
http://www.wikidata.org/entity/Q61886,Takashi Inui,http://www.wikidata.org/entity/Q8723,Betis Balompié,2018,2019
http://www.wikidata.org/entity/Q61886,Takashi Inui,http://www.wikidata.org/entity/Q223620,Deportivo Alavés,2019,2019
http://www.wikidata.org/entity/Q61886,Takashi Inui,http://www.wikidata.org/entity/Q770740,SD Eibar,2019,2021
http://www.wikidata.org/entity/Q61886,Takashi Inui,http://www.wikidata.org/entity/Q855809,Cerezo Osaka,2021,2022
http://www.wikidata.org/entity/Q61886,Takashi Inui,http://www.wikidata.org/entity/Q823384,Shimizu S-Pulse,2022,2025
http://www.wikidata.org/entity/Q61886,Takashi Inui,http://www.wikidata.org/entity/Q844271,Vissel Kobe,2026,
http://www.wikidata.org/entity/Q367474,Takashi Usami,http://www.wikidata.org/entity/Q738423,Gamba Osaka,2009,2016
http://www.wikidata.org/entity/Q367474,Takashi Usami,http://www.wikidata.org/entity/Q15789,Bayern Munich,2011,2012
http://www.wikidata.org/entity/Q367474,Takashi Usami,http://www.wikidata.org/entity/Q22707,TSG 1899 Hoffenheim,2012,2013
http://www.wikidata.org/entity/Q367474,Takashi Usami,http://www.wikidata.org/entity/Q15755,FC Augsbourg,2016,2019
http://www.wikidata.org/entity/Q367474,Takashi Usami,http://www.wikidata.org/entity/Q151747,Fortuna Düsseldorf,2017,2019
http://www.wikidata.org/entity/Q367474,Takashi Usami,http://www.wikidata.org/entity/Q738423,Gamba Osaka,2019,
http://www.wikidata.org/entity/Q310602,Takayuki Morimoto,http://www.wikidata.org/entity/Q620499,Tokyo Verdy,2004,2006
http://www.wikidata.org/entity/Q310602,Takayuki Morimoto,http://www.wikidata.org/entity/Q2018,Catania Football Club,2006,2011
http://www.wikidata.org/entity/Q310602,Takayuki Morimoto,http://www.wikidata.org/entity/Q8416,Novara Calcio,2011,2012
http://www.wikidata.org/entity/Q310602,Takayuki Morimoto,http://www.wikidata.org/entity/Q2018,Catania Football Club,2012,2013
http://www.wikidata.org/entity/Q310602,Takayuki Morimoto,http://www.wikidata.org/entity/Q646204,JEF United Ichihara Chiba,2013,2015
http://www.wikidata.org/entity/Q310602,Takayuki Morimoto,http://www.wikidata.org/entity/Q812723,Al-Nasr Dubaï,2013,2013
http://www.wikidata.org/entity/Q310602,Takayuki Morimoto,http://www.wikidata.org/entity/Q874016,Kawasaki Frontale,2016,
http://www.wikidata.org/entity/Q331991,Takeshi Okada,http://www.wikidata.org/entity/Q646204,JEF United Ichihara Chiba,1980,1990
http://www.wikidata.org/entity/Q11557367,Takuma Asano,http://www.wikidata.org/entity/Q630279,Sanfrecce Hiroshima,2013,2016
http://www.wikidata.org/entity/Q11557367,Takuma Asano,http://www.wikidata.org/entity/Q9617,Arsenal FC,2016,2019
http://www.wikidata.org/entity/Q11557367,Takuma Asano,http://www.wikidata.org/entity/Q4512,VfB Stuttgart,2016,2018
http://www.wikidata.org/entity/Q11557367,Takuma Asano,http://www.wikidata.org/entity/Q33748,Hanovre 96,2018,2019
http://www.wikidata.org/entity/Q11557367,Takuma Asano,http://www.wikidata.org/entity/Q188656,Partizan Belgrade,2019,2021
http://www.wikidata.org/entity/Q11557367,Takuma Asano,http://www.wikidata.org/entity/Q105861,VfL Bochum,2021,
http://www.wikidata.org/entity/Q29516,Theo Walcott,http://www.wikidata.org/entity/Q18732,Southampton FC,2005,2006
http://www.wikidata.org/entity/Q29516,Theo Walcott,http://www.wikidata.org/entity/Q9617,Arsenal FC,2006,2018
http://www.wikidata.org/entity/Q29516,Theo Walcott,http://www.wikidata.org/entity/Q5794,Everton FC,2018,2021
http://www.wikidata.org/entity/Q29516,Theo Walcott,http://www.wikidata.org/entity/Q18732,Southampton FC,2020,2021
http://www.wikidata.org/entity/Q29516,Theo Walcott,http://www.wikidata.org/entity/Q18732,Southampton FC,2021,2023
http://www.wikidata.org/entity/Q17493,Thiago Alcántara,http://www.wikidata.org/entity/Q10467,FC Barcelone B,2008,2011
http://www.wikidata.org/entity/Q17493,Thiago Alcántara,http://www.wikidata.org/entity/Q15789,Bayern Munich,2013,2020
http://www.wikidata.org/entity/Q17493,Thiago Alcántara,http://www.wikidata.org/entity/Q1130849,Liverpool FC,2020,2024
http://www.wikidata.org/entity/Q191885,Thiago Motta,http://www.wikidata.org/entity/Q10467,FC Barcelone B,1999,2001
http://www.wikidata.org/entity/Q191885,Thiago Motta,http://www.wikidata.org/entity/Q8701,Club Atlético de Madrid,2007,2008
http://www.wikidata.org/entity/Q191885,Thiago Motta,http://www.wikidata.org/entity/Q2074,Genoa CFC,2008,2009
http://www.wikidata.org/entity/Q191885,Thiago Motta,http://www.wikidata.org/entity/Q631,FC Internazionale Milano,2009,2012
http://www.wikidata.org/entity/Q191885,Thiago Motta,http://www.wikidata.org/entity/Q483020,Paris Saint-Germain FC,2012,2018
http://www.wikidata.org/entity/Q45901,Thierry Henry,http://www.wikidata.org/entity/Q180305,AS Monaco FC,1994,1999
http://www.wikidata.org/entity/Q45901,Thierry Henry,http://www.wikidata.org/entity/Q1422,Juventus FC,1999,1999
http://www.wikidata.org/entity/Q45901,Thierry Henry,http://www.wikidata.org/entity/Q9617,Arsenal FC,1999,2007
http://www.wikidata.org/entity/Q45901,Thierry Henry,http://www.wikidata.org/entity/Q204220,Red Bulls de New York,2010,2014
http://www.wikidata.org/entity/Q45901,Thierry Henry,http://www.wikidata.org/entity/Q9617,Arsenal FC,2012,2012
http://www.wikidata.org/entity/Q184177,Thomas Vermaelen,http://www.wikidata.org/entity/Q81888,Ajax Amsterdam,2003,2009
http://www.wikidata.org/entity/Q184177,Thomas Vermaelen,http://www.wikidata.org/entity/Q24699,RKC Waalwijk,2004,2005
http://www.wikidata.org/entity/Q184177,Thomas Vermaelen,http://www.wikidata.org/entity/Q9617,Arsenal FC,2009,2014
http://www.wikidata.org/entity/Q184177,Thomas Vermaelen,http://www.wikidata.org/entity/Q2739,AS Rome,2016,2017
http://www.wikidata.org/entity/Q184177,Thomas Vermaelen,http://www.wikidata.org/entity/Q844271,Vissel Kobe,2019,2021
http://www.wikidata.org/entity/Q187238,Tim Cahill,http://www.wikidata.org/entity/Q19487,Millwall FC,1998,2004
http://www.wikidata.org/entity/Q187238,Tim Cahill,http://www.wikidata.org/entity/Q5794,Everton FC,2004,2012
http://www.wikidata.org/entity/Q187238,Tim Cahill,http://www.wikidata.org/entity/Q204220,Red Bulls de New York,2012,2015
http://www.wikidata.org/entity/Q187238,Tim Cahill,http://www.wikidata.org/entity/Q725367,Shanghai Shenhua FC,2015,2016
http://www.wikidata.org/entity/Q187238,Tim Cahill,http://www.wikidata.org/entity/Q748725,Melbourne City FC,2016,2017
http://www.wikidata.org/entity/Q187238,Tim Cahill,http://www.wikidata.org/entity/Q79380,Hangzhou Greentown,2016,2016
http://www.wikidata.org/entity/Q187238,Tim Cahill,http://www.wikidata.org/entity/Q19487,Millwall FC,2018,2018
http://www.wikidata.org/entity/Q187238,Tim Cahill,http://www.wikidata.org/entity/Q30644987,Jamshedpur Football Club,2018,2019
http://www.wikidata.org/entity/Q200785,Tim Howard,http://www.wikidata.org/entity/Q14884144,North Jersey Imperials,1997,1997
http://www.wikidata.org/entity/Q200785,Tim Howard,http://www.wikidata.org/entity/Q946483,Génération Adidas,1998,1998
http://www.wikidata.org/entity/Q200785,Tim Howard,http://www.wikidata.org/entity/Q204220,Red Bulls de New York,1998,2003
http://www.wikidata.org/entity/Q200785,Tim Howard,http://www.wikidata.org/entity/Q18656,Manchester United FC,2003,2007
http://www.wikidata.org/entity/Q200785,Tim Howard,http://www.wikidata.org/entity/Q5794,Everton FC,2006,2007
http://www.wikidata.org/entity/Q200785,Tim Howard,http://www.wikidata.org/entity/Q5794,Everton FC,2007,2016
http://www.wikidata.org/entity/Q200785,Tim Howard,http://www.wikidata.org/entity/Q642408,Rapids du Colorado,2016,2019
http://www.wikidata.org/entity/Q200785,Tim Howard,http://www.wikidata.org/entity/Q58236450,Memphis 901 Football Club,2020,2020
http://www.wikidata.org/entity/Q222924,Tito Vilanova,http://www.wikidata.org/entity/Q10467,FC Barcelone B,1988,1990
http://www.wikidata.org/entity/Q222924,Tito Vilanova,http://www.wikidata.org/entity/Q742953,UE Figueres,1990,1992
http://www.wikidata.org/entity/Q222924,Tito Vilanova,http://www.wikidata.org/entity/Q8749,Celta de Vigo,1992,1995
http://www.wikidata.org/entity/Q222924,Tito Vilanova,http://www.wikidata.org/entity/Q853043,Club Deportivo Badajoz,1995,1996
http://www.wikidata.org/entity/Q222924,Tito Vilanova,http://www.wikidata.org/entity/Q8835,RCD Majorque,1996,1997
http://www.wikidata.org/entity/Q222924,Tito Vilanova,http://www.wikidata.org/entity/Q837218,UE Lleida,1997,1998
http://www.wikidata.org/entity/Q222924,Tito Vilanova,http://www.wikidata.org/entity/Q10512,Elche CF,1998,2000
http://www.wikidata.org/entity/Q222924,Tito Vilanova,http://www.wikidata.org/entity/Q2220788,UDA Gramenet,2000,2001
http://www.wikidata.org/entity/Q128840,Toby Alderweireld,http://www.wikidata.org/entity/Q81888,Ajax Amsterdam,2008,2013
http://www.wikidata.org/entity/Q128840,Toby Alderweireld,http://www.wikidata.org/entity/Q8701,Club Atlético de Madrid,2013,2015
http://www.wikidata.org/entity/Q128840,Toby Alderweireld,http://www.wikidata.org/entity/Q18732,Southampton FC,2014,2015
http://www.wikidata.org/entity/Q128840,Toby Alderweireld,http://www.wikidata.org/entity/Q18741,Tottenham Hotspur,2015,2021
http://www.wikidata.org/entity/Q128840,Toby Alderweireld,http://www.wikidata.org/entity/Q1056948,Al-Duhail Sports Club,2021,2022
http://www.wikidata.org/entity/Q128840,Toby Alderweireld,http://www.wikidata.org/entity/Q732002,Royal Antwerp FC,2022,2025
http://www.wikidata.org/entity/Q29162,Tomáš Rosický,http://www.wikidata.org/entity/Q193481,AC Sparta Prague,1998,2001
http://www.wikidata.org/entity/Q29162,Tomáš Rosický,http://www.wikidata.org/entity/Q41420,BV 09 Borussia Dortmund,2001,2006
http://www.wikidata.org/entity/Q29162,Tomáš Rosický,http://www.wikidata.org/entity/Q9617,Arsenal FC,2006,2016
http://www.wikidata.org/entity/Q29162,Tomáš Rosický,http://www.wikidata.org/entity/Q193481,AC Sparta Prague,2016,2017
http://www.wikidata.org/entity/Q131234,Toni Kroos,http://www.wikidata.org/entity/Q15789,Bayern Munich,2007,2014
http://www.wikidata.org/entity/Q131234,Toni Kroos,http://www.wikidata.org/entity/Q104761,Bayer Leverkusen,2009,2010
http://www.wikidata.org/entity/Q131234,Toni Kroos,http://www.wikidata.org/entity/Q8682,Real Madrid CF,2014,2024
http://www.wikidata.org/entity/Q3247961,Tsukasa Shiotani,http://www.wikidata.org/entity/Q1060184,Mito HollyHock,2011,2012
http://www.wikidata.org/entity/Q3247961,Tsukasa Shiotani,http://www.wikidata.org/entity/Q630279,Sanfrecce Hiroshima,2012,2017
http://www.wikidata.org/entity/Q3247961,Tsukasa Shiotani,http://www.wikidata.org/entity/Q812720,Al-Aïn Football Club,2017,2021
http://www.wikidata.org/entity/Q3247961,Tsukasa Shiotani,http://www.wikidata.org/entity/Q630279,Sanfrecce Hiroshima,2021,
http://www.wikidata.org/entity/Q295610,Unai Emery,http://www.wikidata.org/entity/Q1067750,Real Sociedad B,1990,1995
http://www.wikidata.org/entity/Q295610,Unai Emery,http://www.wikidata.org/entity/Q10315,Real Sociedad,1995,1996
http://www.wikidata.org/entity/Q295610,Unai Emery,http://www.wikidata.org/entity/Q856179,Club Deportivo Toledo,1996,2000
http://www.wikidata.org/entity/Q295610,Unai Emery,http://www.wikidata.org/entity/Q843396,Racing de Ferrol,2000,2002
http://www.wikidata.org/entity/Q295610,Unai Emery,http://www.wikidata.org/entity/Q856119,Club Deportivo Leganés,2002,2003
http://www.wikidata.org/entity/Q295610,Unai Emery,http://www.wikidata.org/entity/Q239049,Lorca Deportiva CF,2003,2004
http://www.wikidata.org/entity/Q206306,Vedran Ćorluka,http://www.wikidata.org/entity/Q172803,Dinamo Zagreb,2003,2007
http://www.wikidata.org/entity/Q206306,Vedran Ćorluka,http://www.wikidata.org/entity/Q723644,NK Inter Zaprešić,2004,2005
http://www.wikidata.org/entity/Q206306,Vedran Ćorluka,http://www.wikidata.org/entity/Q50602,Manchester City FC,2007,2008
http://www.wikidata.org/entity/Q206306,Vedran Ćorluka,http://www.wikidata.org/entity/Q18741,Tottenham Hotspur,2008,2012
http://www.wikidata.org/entity/Q206306,Vedran Ćorluka,http://www.wikidata.org/entity/Q104761,Bayer Leverkusen,2012,2012
http://www.wikidata.org/entity/Q206306,Vedran Ćorluka,http://www.wikidata.org/entity/Q29115,Lokomotiv Moscou,2012,2021
http://www.wikidata.org/entity/Q657360,Vicente del Bosque,http://www.wikidata.org/entity/Q8682,Real Madrid CF,1968,1984
http://www.wikidata.org/entity/Q657360,Vicente del Bosque,http://www.wikidata.org/entity/Q743557,Club Deportivo Castellón,1970,1971
http://www.wikidata.org/entity/Q657360,Vicente del Bosque,http://www.wikidata.org/entity/Q10499,Córdoba CF,1971,1972
http://www.wikidata.org/entity/Q657360,Vicente del Bosque,http://www.wikidata.org/entity/Q743557,Club Deportivo Castellón,1972,1973
http://www.wikidata.org/entity/Q201381,Vincent Kompany,http://www.wikidata.org/entity/Q187528,RSC Anderlecht,2003,2006
http://www.wikidata.org/entity/Q201381,Vincent Kompany,http://www.wikidata.org/entity/Q51974,Hambourg SV,2006,2008
http://www.wikidata.org/entity/Q201381,Vincent Kompany,http://www.wikidata.org/entity/Q50602,Manchester City FC,2008,2019
http://www.wikidata.org/entity/Q201381,Vincent Kompany,http://www.wikidata.org/entity/Q187528,RSC Anderlecht,2019,2020
http://www.wikidata.org/entity/Q47548,Víctor Valdés,http://www.wikidata.org/entity/Q2346842,FC Barcelone C,2000,2000
http://www.wikidata.org/entity/Q47548,Víctor Valdés,http://www.wikidata.org/entity/Q10467,FC Barcelone B,2000,2003
http://www.wikidata.org/entity/Q47548,Víctor Valdés,http://www.wikidata.org/entity/Q18656,Manchester United FC,2015,2016
http://www.wikidata.org/entity/Q47548,Víctor Valdés,http://www.wikidata.org/entity/Q190561,Standard de Liège,2016,2016
http://www.wikidata.org/entity/Q47548,Víctor Valdés,http://www.wikidata.org/entity/Q18661,Middlesbrough FC,2016,2017
http://www.wikidata.org/entity/Q266613,Wayne Rooney,http://www.wikidata.org/entity/Q5794,Everton FC,2002,2004
http://www.wikidata.org/entity/Q266613,Wayne Rooney,http://www.wikidata.org/entity/Q18656,Manchester United FC,2004,2017
http://www.wikidata.org/entity/Q266613,Wayne Rooney,http://www.wikidata.org/entity/Q5794,Everton FC,2017,2018
http://www.wikidata.org/entity/Q266613,Wayne Rooney,http://www.wikidata.org/entity/Q238593,D.C. United,2018,2019
http://www.wikidata.org/entity/Q266613,Wayne Rooney,http://www.wikidata.org/entity/Q19470,Derby County FC,2019,2021
http://www.wikidata.org/entity/Q124086,Wesley Sneijder,http://www.wikidata.org/entity/Q81888,Ajax Amsterdam,2002,2007
http://www.wikidata.org/entity/Q124086,Wesley Sneijder,http://www.wikidata.org/entity/Q8682,Real Madrid CF,2007,2009
http://www.wikidata.org/entity/Q124086,Wesley Sneijder,http://www.wikidata.org/entity/Q631,FC Internazionale Milano,2009,2013
http://www.wikidata.org/entity/Q124086,Wesley Sneijder,http://www.wikidata.org/entity/Q495299,Galatasaray SK,2013,2017
http://www.wikidata.org/entity/Q124086,Wesley Sneijder,http://www.wikidata.org/entity/Q185163,OGC Nice,2017,2018
http://www.wikidata.org/entity/Q124086,Wesley Sneijder,http://www.wikidata.org/entity/Q428211,Al-Gharafa Sports Club,2018,2019
http://www.wikidata.org/entity/Q1937,William Gallas,http://www.wikidata.org/entity/Q193377,Stade Malherbe Caen,1995,1997
http://www.wikidata.org/entity/Q1937,William Gallas,http://www.wikidata.org/entity/Q132885,Olympique de Marseille,1997,2001
http://www.wikidata.org/entity/Q1937,William Gallas,http://www.wikidata.org/entity/Q9616,Chelsea FC,2001,2006
http://www.wikidata.org/entity/Q1937,William Gallas,http://www.wikidata.org/entity/Q9617,Arsenal FC,2006,2010
http://www.wikidata.org/entity/Q1937,William Gallas,http://www.wikidata.org/entity/Q18741,Tottenham Hotspur,2010,2013
http://www.wikidata.org/entity/Q1937,William Gallas,http://www.wikidata.org/entity/Q852033,Perth Glory FC,2013,2014
http://www.wikidata.org/entity/Q17500,Xavi Hernández,http://www.wikidata.org/entity/Q10467,FC Barcelone B,1997,2000
http://www.wikidata.org/entity/Q17500,Xavi Hernández,http://www.wikidata.org/entity/Q283545,Al-Sadd SC,2015,2019
http://www.wikidata.org/entity/Q214859,Yasuhito Endō,http://www.wikidata.org/entity/Q1368488,Yokohama Flügels,1998,1999
http://www.wikidata.org/entity/Q214859,Yasuhito Endō,http://www.wikidata.org/entity/Q1047535,Kyoto Sanga Football Club,1999,2001
http://www.wikidata.org/entity/Q214859,Yasuhito Endō,http://www.wikidata.org/entity/Q738423,Gamba Osaka,2001,2021
http://www.wikidata.org/entity/Q214859,Yasuhito Endō,http://www.wikidata.org/entity/Q855401,Júbilo Iwata,2020,2021
http://www.wikidata.org/entity/Q214859,Yasuhito Endō,http://www.wikidata.org/entity/Q855401,Júbilo Iwata,2022,2023
http://www.wikidata.org/entity/Q331957,Yasuyuki Konno,http://www.wikidata.org/entity/Q586787,Consadole Sapporo,2001,2003
http://www.wikidata.org/entity/Q331957,Yasuyuki Konno,http://www.wikidata.org/entity/Q856619,Football Club Tokyo,2004,2011
http://www.wikidata.org/entity/Q331957,Yasuyuki Konno,http://www.wikidata.org/entity/Q738423,Gamba Osaka,2012,2019
http://www.wikidata.org/entity/Q331957,Yasuyuki Konno,http://www.wikidata.org/entity/Q855401,Júbilo Iwata,2019,
http://www.wikidata.org/entity/Q184277,Yaya Touré,http://www.wikidata.org/entity/Q849139,KSK Beveren,2001,2003
http://www.wikidata.org/entity/Q184277,Yaya Touré,http://www.wikidata.org/entity/Q388972,Metalurg Donetsk,2003,2005
http://www.wikidata.org/entity/Q184277,Yaya Touré,http://www.wikidata.org/entity/Q180305,AS Monaco FC,2006,2007
http://www.wikidata.org/entity/Q184277,Yaya Touré,http://www.wikidata.org/entity/Q50602,Manchester City FC,2010,2018
http://www.wikidata.org/entity/Q184277,Yaya Touré,http://www.wikidata.org/entity/Q3866968,Qingdao F.C.,2019,2019
http://www.wikidata.org/entity/Q208550,Yoshikatsu Kawaguchi,http://www.wikidata.org/entity/Q854932,Yokohama F·Marinos,1994,2001
http://www.wikidata.org/entity/Q208550,Yoshikatsu Kawaguchi,http://www.wikidata.org/entity/Q19604,Portsmouth FC,2001,2003
http://www.wikidata.org/entity/Q208550,Yoshikatsu Kawaguchi,http://www.wikidata.org/entity/Q210025,Football Club Nordsjælland,2003,2005
http://www.wikidata.org/entity/Q208550,Yoshikatsu Kawaguchi,http://www.wikidata.org/entity/Q855401,Júbilo Iwata,2005,2013
http://www.wikidata.org/entity/Q208550,Yoshikatsu Kawaguchi,http://www.wikidata.org/entity/Q778887,FC Gifu,2014,2015
http://www.wikidata.org/entity/Q208550,Yoshikatsu Kawaguchi,http://www.wikidata.org/entity/Q7387169,S.C. Sagamihara,2016,2018
http://www.wikidata.org/entity/Q15401668,Yoshinori Muto,http://www.wikidata.org/entity/Q856619,Football Club Tokyo,2013,2015
http://www.wikidata.org/entity/Q15401668,Yoshinori Muto,http://www.wikidata.org/entity/Q105254,1. FSV Mayence 05,2015,2018
http://www.wikidata.org/entity/Q15401668,Yoshinori Muto,http://www.wikidata.org/entity/Q18716,Newcastle United FC,2018,2021
http://www.wikidata.org/entity/Q15401668,Yoshinori Muto,http://www.wikidata.org/entity/Q770740,SD Eibar,2020,2021
http://www.wikidata.org/entity/Q15401668,Yoshinori Muto,http://www.wikidata.org/entity/Q844271,Vissel Kobe,2021,
http://www.wikidata.org/entity/Q311209,Yoshito Ōkubo,http://www.wikidata.org/entity/Q855809,Cerezo Osaka,2001,2006
http://www.wikidata.org/entity/Q311209,Yoshito Ōkubo,http://www.wikidata.org/entity/Q8835,RCD Majorque,2005,2006
http://www.wikidata.org/entity/Q311209,Yoshito Ōkubo,http://www.wikidata.org/entity/Q844271,Vissel Kobe,2007,2008
http://www.wikidata.org/entity/Q311209,Yoshito Ōkubo,http://www.wikidata.org/entity/Q101859,VfL Wolfsburg,2009,2009
http://www.wikidata.org/entity/Q311209,Yoshito Ōkubo,http://www.wikidata.org/entity/Q844271,Vissel Kobe,2009,2012
http://www.wikidata.org/entity/Q311209,Yoshito Ōkubo,http://www.wikidata.org/entity/Q874016,Kawasaki Frontale,2013,2016
http://www.wikidata.org/entity/Q311209,Yoshito Ōkubo,http://www.wikidata.org/entity/Q856619,Football Club Tokyo,2017,2017
http://www.wikidata.org/entity/Q311209,Yoshito Ōkubo,http://www.wikidata.org/entity/Q855401,Júbilo Iwata,2018,2019
http://www.wikidata.org/entity/Q311209,Yoshito Ōkubo,http://www.wikidata.org/entity/Q874016,Kawasaki Frontale,2018,2018
http://www.wikidata.org/entity/Q311209,Yoshito Ōkubo,http://www.wikidata.org/entity/Q620499,Tokyo Verdy,2020,2020
http://www.wikidata.org/entity/Q311209,Yoshito Ōkubo,http://www.wikidata.org/entity/Q855809,Cerezo Osaka,2021,2021
http://www.wikidata.org/entity/Q195620,Yuya Osako,http://www.wikidata.org/entity/Q16932,Kashima Antlers,2009,2013
http://www.wikidata.org/entity/Q195620,Yuya Osako,http://www.wikidata.org/entity/Q131603,TSV Munich 1860,2014,2014
http://www.wikidata.org/entity/Q195620,Yuya Osako,http://www.wikidata.org/entity/Q104770,1. FC Cologne,2014,2018
http://www.wikidata.org/entity/Q195620,Yuya Osako,http://www.wikidata.org/entity/Q51976,Werder Brême,2018,2021
http://www.wikidata.org/entity/Q195620,Yuya Osako,http://www.wikidata.org/entity/Q844271,Vissel Kobe,2021,
http://www.wikidata.org/entity/Q310596,Yūichi Komano,http://www.wikidata.org/entity/Q630279,Sanfrecce Hiroshima,2000,2007
http://www.wikidata.org/entity/Q310596,Yūichi Komano,http://www.wikidata.org/entity/Q855401,Júbilo Iwata,2008,2015
http://www.wikidata.org/entity/Q310596,Yūichi Komano,http://www.wikidata.org/entity/Q856619,Football Club Tokyo,2016,
http://www.wikidata.org/entity/Q331968,Yūji Nakazawa,http://www.wikidata.org/entity/Q338285,América Futebol Clube,1996,1997
http://www.wikidata.org/entity/Q331968,Yūji Nakazawa,http://www.wikidata.org/entity/Q620499,Tokyo Verdy,1999,2001
http://www.wikidata.org/entity/Q331968,Yūji Nakazawa,http://www.wikidata.org/entity/Q854932,Yokohama F·Marinos,2002,
http://www.wikidata.org/entity/Q331984,Yūki Abe,http://www.wikidata.org/entity/Q646204,JEF United Ichihara Chiba,1998,2006
http://www.wikidata.org/entity/Q331984,Yūki Abe,http://www.wikidata.org/entity/Q218883,Urawa Red Diamonds,2007,2010
http://www.wikidata.org/entity/Q331984,Yūki Abe,http://www.wikidata.org/entity/Q19481,Leicester City FC,2010,2012
http://www.wikidata.org/entity/Q331984,Yūki Abe,http://www.wikidata.org/entity/Q218883,Urawa Red Diamonds,2012,
http://www.wikidata.org/entity/Q68039,Zbigniew Boniek,http://www.wikidata.org/entity/Q167781,Zawisza Bydgoszcz,1973,1975
http://www.wikidata.org/entity/Q68039,Zbigniew Boniek,http://www.wikidata.org/entity/Q244981,Widzew Łódź,1975,1982
http://www.wikidata.org/entity/Q68039,Zbigniew Boniek,http://www.wikidata.org/entity/Q1422,Juventus FC,1982,1985
http://www.wikidata.org/entity/Q68039,Zbigniew Boniek,http://www.wikidata.org/entity/Q2739,AS Rome,1985,1988
http://www.wikidata.org/entity/Q47526,Zico,http://www.wikidata.org/entity/Q17479,Clube de Regatas do Flamengo,1971,1983
http://www.wikidata.org/entity/Q47526,Zico,http://www.wikidata.org/entity/Q2798,Udinese Calcio,1983,1985
http://www.wikidata.org/entity/Q47526,Zico,http://www.wikidata.org/entity/Q17479,Clube de Regatas do Flamengo,1985,1989
http://www.wikidata.org/entity/Q47526,Zico,http://www.wikidata.org/entity/Q16932,Kashima Antlers,1991,1994
http://www.wikidata.org/entity/Q1835,Zinedine Zidane,http://www.wikidata.org/entity/Q298267,AS Cannes,1989,1992
http://www.wikidata.org/entity/Q1835,Zinedine Zidane,http://www.wikidata.org/entity/Q172476,Girondins de Bordeaux,1992,1996
http://www.wikidata.org/entity/Q1835,Zinedine Zidane,http://www.wikidata.org/entity/Q1422,Juventus FC,1996,2001
http://www.wikidata.org/entity/Q1835,Zinedine Zidane,http://www.wikidata.org/entity/Q8682,Real Madrid CF,2001,2006
http://www.wikidata.org/entity/Q46896,Zlatan Ibrahimović,http://www.wikidata.org/entity/Q204881,Malmö FF,1999,2001
http://www.wikidata.org/entity/Q46896,Zlatan Ibrahimović,http://www.wikidata.org/entity/Q81888,Ajax Amsterdam,2000,2004
http://www.wikidata.org/entity/Q46896,Zlatan Ibrahimović,http://www.wikidata.org/entity/Q1422,Juventus FC,2004,2006
http://www.wikidata.org/entity/Q46896,Zlatan Ibrahimović,http://www.wikidata.org/entity/Q631,FC Internazionale Milano,2006,2009
http://www.wikidata.org/entity/Q46896,Zlatan Ibrahimović,http://www.wikidata.org/entity/Q1543,AC Milan,2010,2012
http://www.wikidata.org/entity/Q46896,Zlatan Ibrahimović,http://www.wikidata.org/entity/Q483020,Paris Saint-Germain FC,2012,2016
http://www.wikidata.org/entity/Q46896,Zlatan Ibrahimović,http://www.wikidata.org/entity/Q18656,Manchester United FC,2016,2018
http://www.wikidata.org/entity/Q46896,Zlatan Ibrahimović,http://www.wikidata.org/entity/Q204357,Galaxy de Los Angeles,2018,2019
http://www.wikidata.org/entity/Q46896,Zlatan Ibrahimović,http://www.wikidata.org/entity/Q1543,AC Milan,2020,2023
http://www.wikidata.org/entity/Q250901,Álvaro Arbeloa,http://www.wikidata.org/entity/Q10308,Real Saragosse,1991,2002
http://www.wikidata.org/entity/Q250901,Álvaro Arbeloa,http://www.wikidata.org/entity/Q1246437,Real Madrid C,2002,2003
http://www.wikidata.org/entity/Q250901,Álvaro Arbeloa,http://www.wikidata.org/entity/Q8682,Real Madrid CF,2004,2006
http://www.wikidata.org/entity/Q250901,Álvaro Arbeloa,http://www.wikidata.org/entity/Q8760,Deportivo LC,2006,2007
http://www.wikidata.org/entity/Q250901,Álvaro Arbeloa,http://www.wikidata.org/entity/Q1130849,Liverpool FC,2007,2009
http://www.wikidata.org/entity/Q250901,Álvaro Arbeloa,http://www.wikidata.org/entity/Q8682,Real Madrid CF,2009,2016
http://www.wikidata.org/entity/Q250901,Álvaro Arbeloa,http://www.wikidata.org/entity/Q18747,West Ham United FC,2016,2017
http://www.wikidata.org/entity/Q1935,Éric Abidal,http://www.wikidata.org/entity/Q919762,Lyon-La Duchère,1999,2000
http://www.wikidata.org/entity/Q1935,Éric Abidal,http://www.wikidata.org/entity/Q180305,AS Monaco FC,2000,2002
http://www.wikidata.org/entity/Q1935,Éric Abidal,http://www.wikidata.org/entity/Q19516,Lille OSC,2002,2004
http://www.wikidata.org/entity/Q1935,Éric Abidal,http://www.wikidata.org/entity/Q704,Olympique lyonnais,2004,2007
http://www.wikidata.org/entity/Q1935,Éric Abidal,http://www.wikidata.org/entity/Q180305,AS Monaco FC,2013,2014
http://www.wikidata.org/entity/Q170328,Éric Cantona,http://www.wikidata.org/entity/Q845859,CD Cruz Azul,,
http://www.wikidata.org/entity/Q170328,Éric Cantona,http://www.wikidata.org/entity/Q182876,AJ Auxerre,1983,1988
http://www.wikidata.org/entity/Q170328,Éric Cantona,http://www.wikidata.org/entity/Q1132418,FC Martigues,1985,1986
http://www.wikidata.org/entity/Q170328,Éric Cantona,http://www.wikidata.org/entity/Q483020,Paris Saint-Germain FC,1988,1991
http://www.wikidata.org/entity/Q170328,Éric Cantona,http://www.wikidata.org/entity/Q172476,Girondins de Bordeaux,1989,1989
http://www.wikidata.org/entity/Q170328,Éric Cantona,http://www.wikidata.org/entity/Q19513,Montpellier Hérault SC,1989,1990
http://www.wikidata.org/entity/Q170328,Éric Cantona,http://www.wikidata.org/entity/Q730809,Nîmes Olympique,1991,1991
http://www.wikidata.org/entity/Q170328,Éric Cantona,http://www.wikidata.org/entity/Q1128631,Leeds United,1992,1992
http://www.wikidata.org/entity/Q170328,Éric Cantona,http://www.wikidata.org/entity/Q18656,Manchester United FC,1992,1997
